team,video,title,artistMain,artistSub,ko_translate,ko_read,en_read,sub1,sub2,sub3
케이온,https://youtu.be/pEqIvq9MxLc, Come With Me,,,,컴위드미, Come With Me,컴윗미,,
하루히,https://youtu.be/Xu12vVY8thc,<친구로서는 그거>가 되고 있다 (Tomodachi to shite wa sore ga),타니구치,,친구로서는 그거가 되고 있다,토모다치 토 시테 와 소레 가,tomodachi to shite wa sore ga,,,
러키스타,https://www.youtube.com/watch?v=IsdEEfIWoKE,100%아니야 아니야 아니야,,,100%아니야 아니야 아니야,100%나이나이나이,100%nainainai,,,
러키스타,https://www.youtube.com/watch?v=wLtVF8VUlw8,가져가! 세라복,,,가져가세일러복,못테케세라후쿠,mottekeserafuku,,,
하루히,https://www.youtube.com/watch?v=iuvO3PJ_6rA,격렬하고 화려한 날들 (Gekiretsude kareinaru hibi),,,격렬하고 화려한 날들,게키레츠데 카레이니나루 히비히비,Gekiretsude kareinaru hibi,,,
쿄애니,https://www.youtube.com/watch?v=R06wLP3lwjE,경단대가족 (Dango DaiKazoku),,,경단대가족,당고다이가조쿠,Dango Dai kazoku,,,
하루히,https://youtu.be/GcrOx-mvOoI,구부러져라↓ 스펙터클 (Maggaare↓ Spectacle),코이즈미이츠키,,구부러져라↓ 스펙터클,마가레 스펙타클,maggaare spectacle,Magare Spectacle,마가레 스펙터클,
하루히,https://youtu.be/N_yktcPtWKQ,구부러져라↓ 스펙터클 리믹스,코이즈미이츠키,,구부러져라 스펙타클 리믹스,마가레스펙타클 리믹스,Maggaare↓ Spectacle remix,마가레스펙터클 리믹스,,
하루히,https://youtu.be/P0mgOSdfTs4,권태라이프 리턴즈! (Kentai Raifu Ritaanzu),쿈,,권태라이프 리턴즈!,켄타이라이후리타안즈,kentai raifu ritaanzu,Kentai Life Returns,,
하루히,https://www.youtube.com/watch?v=cdOZogTrw-U,그 상태로 JET JUMPER,스즈미야하루히:나가토유키:아사히나미쿠루,,그 상태로 JET JUMPER,소노마마제트점퍼,Sono mama JET JUMPER,그대로제트점퍼,,
하루히,https://youtu.be/8aKSnW85NuY,그날의 하늘은 반드시 푸르다 (Sono hi no sora wa kitto Aoi),스즈미야하루히,,그날의 하늘은 반드시 푸르다,소노히소라와킷토아오이,sono hi sora wa kitto aoi,,,
하루히,https://www.youtube.com/watch?v=nC2VCRoNHBA,그노시엔느 3번,,,그노시엔느3,그노시엔느다이산반,Gnossiennes Dai 3 Ban,Gnossiennes no3,,
하루히,https://youtu.be/iyg6qKOT-Uw,그래도 지구는 돌고 있으니까 (Datte Chikyuu wa mawaru kara),,,그래도 지구는 돌고 있으니까,닷테치큐우와마와루카라,datte chikyuu wa mawaru kara,,,
쿄애니,https://www.youtube.com/watch?v=fayCDyH7vR0,길잡이 (Michishirube),,,길잡이,미치시루베,Michishirube,,,
하루히,https://www.youtube.com/watch?v=xSrXvVLQKJY,나가토Vs아사쿠라,,,나가토 대 아사쿠라,Nagatovsasakura,하망호,하망호4번함,나가토대아사쿠라,
하루히,https://www.youtube.com/watch?v=xxd3KuUP0rM,나니카가 오카시 (Nanikaga Okashii),,,무언가 이상하다,나니카가 오카시이,Nanikaga Okashii,나니카 오카시,나니카가 오카시,무언가가 이상하다
케이온,https://www.youtube.com/watch?v=BL55EoFfuNM,날개를 주세요,,,날개를 주세요,츠바사오구다사이,Tsubasaa wo kudasai,,,
케이온,https://youtu.be/ZpH7-axD_NI,내 사랑은 호치키스,,,내 사랑은 호치키스,와타시노코이와호치키스,Watashi no koi wa hoccikisu,,,
하루히,https://youtu.be/DRQv9pLak1I,놀이와 배움의 고요함 (Asobi no Manabi no Shizukesano,나가토유키,,놀이와 배움의 고요함,아소비노마나비노시즈케사노,asobinomanabinoshizukesano,,,
하루히,https://www.youtube.com/watch?v=8pJeix2zeBE&,눈 무음 창가에서  (Yuki Muon Madobe Nite),나가토유키,,눈 무음 창가에서,유키무온마도베니테,YukiMuonMadobenite,눈무음,눈무창,
하루히,https://youtu.be/JGwZZeARNsc,눈 무음 창가에서 리믹스,나가토유키,,,유키무온마도베니테 리믹스,Yuki Muon Madobe Nite Remix,눈무음 리믹스,눈무창 리믹스,
하루히,https://youtu.be/MKDdxEecWhU,눈 무음 창가에서 현주 (Yuki Muon Madobe Nite Gensou),,,눈 무음 창가에서 현주,유키무온마도베니테 겐소우,yuki muon madobenite gensou,눈무음 현주,눈무창 현주,
하루히,https://www.youtube.com/watch?v=TthwZJfwtL0,단순한 비밀 (Tada No Himitsu),코이즈미이츠키,,단순한 비밀,타다노히미츠,tada no himitsu,그냥비밀,,
러키스타,https://www.youtube.com/watch?v=zY_2Rg6YBqg,돈다케 팡파레,,,,돈다케 팡파레,dondake fanfare,,,
러키스타,https://www.youtube.com/watch?v=OpJM3cHVmZs,돌려줘 니삭스,,,돌려줘 니삭스,카에시테 니삭스,Kaeshite Nisokkusu,,,
쿄애니,https://www.youtube.com/watch?v=ILksSFbKekU,드라마틱 마켓 라이드 (Dramatic Market Ride),,,,드라마틱 마켓 라이드,Dramatic Market Ride,,,
러키스타,https://www.youtube.com/watch?v=dWU4ADUQMeo,롤리타제국 미소녀 탐정 (Lolita Teikoku Bisho-jo Taitei),,,롤리타 제국 미소녀 탐정,로리타제국미소녀탐정,lolita teikoku bishojo tantei,lolita teikoku bishoujo tantei,로리타테이코쿠비쇼우죠탄테이,로리타테이코쿠비쇼죠탄테이
하루히,https://www.youtube.com/watch?v=ha10Wu3xEbU,마지막 미래를 보여줘 (Saushuu Mirai Wo Misete),스즈미야하루히:나가토유키:아사히나미쿠루,,최종 미래를 보여줘,사이슈우미라이오미세테,Saishuu Mirai Wo Misete,마지막 미래를 보여줘,,
하루히,https://youtu.be/Xs0XD-SuBtU,맑게 맑게 유쾌하게,나가토유키,,맑게 맑게 유쾌하게,하레하레유카이,hare hare yukai,하레하레유카이,맑게 맑게 유쾌하게,하레하레
하루히,https://youtu.be/zkI10dHD4ZA,맑게 맑게 유쾌하게,쿈,,맑게 맑게 유쾌하게,하레하레유카이,hare hare yukai,하레하레유카이,맑게 맑게 유쾌하게,하레하레
하루히,https://youtu.be/zlPjJycSpQU,맑게 맑게 유쾌하게,아사히나 미쿠루,,맑게 맑게 유쾌하게,하레하레유카이,hare hare yukai,하레하레유카이,맑게 맑게 유쾌하게,하레하레
하루히,https://youtu.be/IdRjcMAiubY,맑게 맑게 유쾌하게,츠루야,,맑게 맑게 유쾌하게,하레하레유카이,hare hare yukai,하레하레유카이,맑게 맑게 유쾌하게,하레하레
하루히,https://youtu.be/J7YYQUYbLLg,맑게 맑게 유쾌하게,아사쿠라료코,,맑게 맑게 유쾌하게,하레하레유카이,hare hare yukai,하레하레유카이,맑게 맑게 유쾌하게,하레하레
하루히,https://youtu.be/oyW6CpcIdro,맑게 맑게 유쾌하게,코이즈미 이츠키,,맑게 맑게 유쾌하게,하레하레유카이,hare hare yukai,하레하레유카이,맑게 맑게 유쾌하게,하레하레
하루히,https://youtu.be/oYwr68ObbMg,맑게 맑게 유쾌하게,쿈의여동생,,맑게 맑게 유쾌하게,하레하레유카이,hare hare yukai,하레하레유카이,맑게 맑게 유쾌하게,하레하레
하루히,https://youtu.be/yc8NiSWbvSc,맑게 맑게 유쾌하게,키미도리에미리,,맑게 맑게 유쾌하게,하레하레유카이,hare hare yukai,하레하레유카이,맑게 맑게 유쾌하게,하레하레
하루히,https://youtu.be/nCISdmhD-e8,맑게 맑게 유쾌하게,스즈미야하루히:나가토유키:아사히나미쿠루,,맑게 맑게 유쾌하게,하레하레유카이,hare hare yukai,하레하레유카이,맑게 맑게 유쾌하게,하레하레
하루히,https://www.youtube.com/watch?v=7zhgyAbsMko&feature=emb_title,맑게 맑게 유쾌하게,스즈미야하루히,,맑게 맑게 유쾌하게,하레하레유카이,hare hare yukai,하레하레유카이,맑게 맑게 유쾌하게,하레하레
하루히,https://www.youtube.com/watch?v=evSmWScDWMw,맑게 맑게 유쾌하게,유메미리아무,,맑게 맑게 유쾌하게,하레하레유카이,hare hare yukai,하레하레유카이,맑게 맑게 유쾌하게,하레하레
하루히,https://youtu.be/gpjHke17zSQ,맑게 맑게 유쾌하게 리믹스,,,하레하레유카이 리믹스,,hare hare yukai remix,,,
하루히,https://youtu.be/4JYxD9xVwXQ,맑게 맑게 유쾌하게 현주 (Hare Hare Yukai Gensou),,,맑게 맑게 유쾌하게 현주,하레하레유카이 겐소우,hare hare yukai  gensou,하레하레 현주,,
하루히,https://www.youtube.com/watch?v=5R1rpSSTDMQ,멈춰라! (Tomare!),스즈미야하루히:나가토유키:아사히나미쿠루,,멈춰라,토마레,Tomare,멈춰,,
하루히,https://www.youtube.com/watch?v=m9LRERMcOm0,모험이지 그렇지 (Bouken Desho Desho),스즈미야하루히,,모험이죠 그렇죠,보우켄데쇼데쇼,BoukenDeshoDesho,보켄데쇼데쇼,보켄데쇼,모험이지 그렇지
하루히,https://www.youtube.com/watch?v=RvMVoXeIOik,모험이지 그렇지,프레데리카,후레데리카,모험이죠 그렇죠,보우켄데쇼데쇼,BoukenDeshoDesho,보켄데쇼데쇼,보켄데쇼,모험이지 그렇지
하루히,https://www.youtube.com/watch?v=5NiCu0X-tlA,모험이지 그렇지 리믹스,,,모험이죠 그렇죠 리믹스,보켄데쇼데쇼 리믹스,Bouken Desho Desho Remix,보켄데쇼 리믹스,,
하루히,https://www.youtube.com/watch?v=AgryOLprrzc,모험이지 그렇지 소실,스즈미야하루히,,모험이죠 그렇죠 소실,보우켄데쇼데쇼 소시츠,BoukenDeshoDeshoShoushitsu,보켄데쇼 소실,모켄데쇼데쇼 소실,
하루히,https://www.youtube.com/watch?v=3_PWCB-kfJM,모험이지 그렇지 현주,,,모험이죠 그렇죠 현주,보우켄데쇼데쇼겐소우,BoukenDeshoDeshoGensou,보켄데쇼현주,보켄데쇼데쇼현주,
하루히,https://youtu.be/HMgO2Da9QZA,바람을 읽는 리본 (Kaze Yomi Ribbon),스즈미야하루히,,바람을 읽는 리본,카제요미리본,kaze yomi ribbon,,,
케이온,https://youtu.be/B4mE6e2CUOU,밥은 반찬,,,,고항와오카즈,Gohan wa Okazu,,,
하루히,https://youtu.be/-mpProSVhx4,사랑의 미쿠루 전설 (Koi no Mikuru densetsu),아사히나 미쿠루,,사랑의 미쿠루 전설,코이노미쿠루덴세츠,koi no mikuru densetsu,,,
하루히,https://www.youtube.com/watch?v=N31laxAQmOk&feature=emb_title,사랑의 미쿠루 전설 현주,,,사랑의 미쿠루 전설 현주,코이노미쿠루덴세츠겐소우,koi no mikuru densetsu gensou,,,
하루히,https://youtu.be/dWXcreQVtRk,사랑해! (Aishite!),스즈미야하루히,,사랑해!,아이시테,Aishite,,,
하루히,https://youtu.be/pK8ESpXJEPg,상냥한 망각 (sincerity),나가토유키,,상냥한 망각 sincerity,야사시이 보우캬쿠 sincerity,Yasashii Boukyaku Sincerity,,,
하루히,https://www.youtube.com/watch?v=aHg3yJXGkdg,상냥한 망각 (sonority),나가토유키,,상냥한망각sonority,야사시이 보우캬쿠 sonority,Yasashii Boukyaku sonority,상냥한 망각,,
쿄애니,https://www.youtube.com/watch?v=pr6LQLHNsTA,상냥함의 이유,,,,야사시사노리유,Yasashisa no Riyuu,,,
하루히,https://youtu.be/65LhHQLh2QI,새끼손가락으로 꾸욱! (Ko Yubi De Gyu!),아사쿠라료코,,새끼손가락으로 꾸욱!,코유비데규,koyubidegyu,,,
쿄애니,https://www.youtube.com/watch?v=bwnJDz8n9bQ,새의 시 (Tori No Uta),,,새의 시,토리노우타,Tori no uta,,,
하루히,https://youtu.be/sLsBCjeQNyo,세계가 꿈꾸는 꿈의 한 가운데에서 (Sekai ga yumemiru yume no naka),스즈미야하루히:나가토유키:아사히나미쿠루,,세계가 꿈꾸는 꿈의 한 가운데에서,세카이가유메미루유메노나카,sekai ga yumemiru yume no naka,,,
하루히-성덕,https://www.youtube.com/watch?v=Kx1K_lSKQ88,스피드스타 (Speed Star),히라노아야,,스피드스타,Speed Star,속도별,혜성,,
하루히,https://www.youtube.com/watch?v=WqXHbZxFzAE,슬픔이 넘쳐흘러 (Sabishimi Afureru),,,슬픔이 넘쳐흘러,Sabishimi Afureru,사비시가 아후레루,,,
쿄애니,https://www.youtube.com/watch?v=H5CFkvSZCJk,시간을 새기는 노래 (Toki wo kizamu Uta),,,시간을 새기는 노래,토키오키자무우타,tokiwokizamuuta,,,
하루히,https://youtu.be/xjILqYX6Qpg,시간의 퍼즐 (Toki No Puzzle),아사히나 미쿠루,,시간의 퍼즐,토키노퍼즐,toki no puzzle,,,
하루히,https://youtu.be/_VkRXkiQl6s,시시한 이야기예요 라고 저는 말할겁니다 (Tsumaranai Hanashi Desuyo To Boku wa Iu),코이즈미이츠키,,시시한 이야기예요 라고 저는 말할겁니다,츠마라나이하나시데스요토보쿠와이우,tsumaranai hanashi desu yo to boku wa iu,,,
쿄애니,https://www.youtube.com/watch?v=8sZXUQqkSXE,신세계에서,,,신세계에서,Shinsekai Yori,From the new world,,,
하루히,https://youtu.be/zmR1OSIhM8g,어... 리턴즈해서 리벤지! (Etto Returns Shite Revenge!),아사히나 미쿠루,,리턴즈해서 리벤지!,엣토리턴즈시테리벤지,etto returns shite revenge,어 리턴즈해서 리벤지,,
하루히,https://www.youtube.com/watch?v=tLUegKLP-zI,어느 비 오는 날,,,썸데이인더레인,AruAmeNoHi,Someday In the rain,섬데이인더레인,아루아메노히,
하루히,https://youtu.be/4JaYh-l47Pg,언제나의 풍경 (Itsumo no Fuukei),,,언제나의풍경,이츠모노후우케이,itsumo no fuukei,,,
하루히,https://www.youtube.com/watch?v=ci4F-xbgZf4,언제나의 풍경에서 끝나는 이야기,,,언제나의풍경에서끝나는이야기,이츠모노후케이데오와루모노가타리,Itsumo no Fuukei de Owaru Monogatari,,,
하루히,https://www.youtube.com/watch?v=YdBMpSweDD0,언제나의 풍경에서 시작되는 이야기,,,언제나의풍경소실,이츠모노후케이카라하지마루모노가타리,itsumo no fuukeikara hajimaru monogatari,언제나의 풍경에서 시작하는 이야기,,
하루히,https://youtu.be/Yp9he4jTSQ4,여동생을 잊으면 사형이야 (Imouto wasurecha Oshioki yo),쿈의여동생,,여동생을 잊으면 사형이야,이모우토 와스레챠 오시오키 요,imouto wasurecha oshioki yo,,,
러키스타,https://www.youtube.com/watch?v=4Ddpha8WWcA,우정전대 다라레인져 (Yuuchou Sentai Dararenjaa),,,우정전대 다라레인져,Yuuchou Sentai Dararenjaa,유우쵸우 센타이 다라렌쟈,,,
하루히,https://youtu.be/kGT4zPkmb28,운명적 사건의 행복 (Unmeiteki Jiken No Koufuku),스즈미야하루히:나가토유키:아사히나미쿠루,,운명적 사건의 행복,운메이테키 지켄 노 코우후쿠_,Unmeiteki jiken no koufuku,,,
하루히,https://youtu.be/D6jqzkzGNAw,이상해요 무서워요 (Hen Desu Kowai Desu),아사히나 미쿠루,,이상해요 무서워요,헨데스코와이데스,hen desu kowai desu,,,
쿄애니,https://www.youtube.com/watch?v=QUlv-6l0fic,이종간 커뮤니케이션 (Ishuukan Communication),,,이종간 커뮤니케이션,이슈우칸커뮤니케이션,Ishuukan communication,,,
케이온,https://youtu.be/iDPb_lyqH-k,이치방 잇빠이 (Ichiban Ippai),,,이치방 입빠이,이치방 잇빠이,Ichiban Ippai,이치방 잇파이,이치방 입파이,
하루히,https://youtu.be/QtXutVcPifI,인생의 주역 콜! (Jinsei no shuyaku Call),타니구치,,인생의 주역 콜!,진세이노슈야쿠콜,jinsei no shuyaku call,,,
러키스타,https://www.youtube.com/watch?v=9pAHsMkFlvs&t=157s,잠자기로 리셋!,,,잠자기로 리셋,네니게데리셋,Nenigederisetto,,,
하루히,https://youtu.be/THNwKmbj4GM,잠재적 태양의 증명,스즈미야하루히:나가토유키:아사히나미쿠루,,잠재적 태양의 증명,,,,,
하루히,https://youtu.be/wuQDimt2c1c,제사 후 제사! 어서 오세요 (Matsutte Matsutte Irassha),츠루야,,제사 후 제사! 어서 오세요,마츳테마츳테이랏샤,matsutte matsutte irassha,,,
하루히,https://youtu.be/gI2ZRVTSmtY,지금까지의 이야기 (Ima Made No Arasuji),쿈:나가토유키:코이즈미이츠키:아사히나미쿠루:스즈미야하루히,SOS단,지금까지의 이야기,이마마데노아라스지,ima made no arasuji,지금까지의줄거리,,
하루히,https://www.youtube.com/watch?v=30OD6E7QaIY,짐노페디 1번,,,짐노페디1,짐노페디다이이치반,Gyumnopedies Dai 1 Ban,Gyumnopedies No1,,
하루히,https://youtu.be/2dV-VPDKGdU,찾아봐요 Happy Life (Mitsukete Happy Life),아사히나 미쿠루,,찾아봐요 Happy Life,미츠케테 happy life,mitsukete happy life,,,
하루히,https://youtu.be/c1EvBL8Vg_s,찾아봐요 Happy Life 리믹스,,,찾아봐요해피라이프리믹스,미츠케테해피라이프리믹스,Mitsukete happy life remix,,,
케이온,https://youtu.be/38EyQ6Of10g,천사를 만났어,,,천사를 만났어,텐시니후레타요,Tenshi ni furetayo,,,
하루히,https://youtu.be/l-8Daiqs4xc,청춘 좋지 않은가 (Seishun Ii Ja Nai Ka),츠루야,,청춘 좋지 않은가,세이슌이이쟈나이카,seishun ii ja nai ka,,,
하루히,https://www.youtube.com/watch?v=YuRuyGUEpok&feature=emb_title,최강 퍼레 퍼레이드 (Saikyou Pare Parade),스즈미야하루히:나가토유키:아사히나미쿠루,,최강퍼레퍼레이드,사이쿄우파레파레이도,Saikyou Pare Parede,최강파레파레이드,파레파레,
하루히,https://youtu.be/A7VDO0XrIR0,추신 비슷한 것 (Atogakino Youna Mono),쿈:나가토유키:코이즈미이츠키:아사히나미쿠루:스즈미야하루히,SOS단,추신 비슷한 것,아토가키노 요우나 모노,Atogakino youna mono,,,
러키스타,https://www.youtube.com/watch?v=9mWSQt6VPnk,코슷테 오 마이 허니,,,코스라니 오 나의 허니,코슷테오마이하니,kosutteomaihani,,,
하루히,https://www.youtube.com/watch?v=EFl1_zrXoMI,토로덴 댄스 (Toroden Dance),스즈미야하루히:나가토유키:아사히나미쿠루,,토로덴 댄스,Toroden Dance,,,,
하루히,https://youtu.be/ME0dxkpSdCQ,통과지점의 MUSICA (Tsuuka Chiten no MUSICA),나가토유키,,통과지점의 MUSICA,츠우카치텐노musica,tsuuka chiten no musica,,,
러키스타,https://www.youtube.com/watch?v=yB5jjGu0TgI,투명리본 (Toumei Ribbon),,,투명리본,토우메이 리본,Toumei RIbbon,,,
하루히,https://youtu.be/4FVXu5r6cBE,편안한 완전 수동 공간 (Raku Raku Kanzen Shudou Kuukan),스즈미야하루히:나가토유키:아사히나미쿠루,,편안한 완전 수동 공간,라쿠라쿠칸젠슈도우쿠우칸,rakuraku kanzen shudou kuukan,,,
하루히,https://www.youtube.com/watch?v=ZZgihTHAkQ8,하레하레유카이 러키스타,,,하레하레유카이러키스타,하레하레유카이벨소리,harehareyukai lucky star,맑게맑게유쾌하게러키스타,,
하루히,https://youtu.be/FpSRlEn9gWY,하지만 그게 다가 아니야 (Daga Sore Dake Janai),쿈,,하지만 그게 다가 아니야,다가소레다케쟈나이,daga sore dake janai,,,
하루히,https://youtu.be/ixQfOedXWT0,호기심 가득 (Megassa koukishin),츠루야,,호기심 가득,메갓사코우키신,megassa koukishin,,,
하루히,https://youtu.be/MX7ODa6BwIQ,호모 사피엔스 랩소디 (Homo Sapiens Rhapsody),쿈,,호모 사피엔스 랩소디,,homo sapiens rhapsody,,,
하루히,https://www.youtube.com/watch?v=i3ZWfZXwHEo,후레 후레 미라이,스즈미야하루히:나가토유키:아사히나미쿠루:츠루야:아사쿠라료코,,후레후레미라이,Fure Fure Mirai,,,,
케이온,https://www.youtube.com/watch?v=Y0I_WdoedpU,후와후와 타임 (Fuwa Fuwa Time),,,푹신푹신시간,후와후와타임,FuwaFuwaTime,,,
하루히,https://youtu.be/idT23efni9M,BE BE BEAT,스즈미야하루히:나가토유키:아사히나미쿠루,,BE BE BEAT,비비비트,,,,
케이온,https://youtu.be/D_DqV9G1CvU,Cagayake! Girls,,,,카가야케 걸즈,Cagayake girls,,,
하루히,https://youtu.be/KaS3-zVlm2o,COOL EDITION,나가토유키,,COOL EDITION,쿨 에디션,쿨찐,,,
케이온,https://youtu.be/HiC7wQa65Ys,Coolly Hotty Tension Hi!,,,,쿨리하티텐션하이,Coolly Hotty Tension Hi!,,,
러키스타,https://www.youtube.com/watch?v=M7NvSEV4_60,D-Drive Love,,,디드라이브사랑,디드라이브러브,D Drive Love,,,
러키스타,https://www.youtube.com/watch?v=h4xH0HK6AIw,Damatto Yasumi Jikan,,,다맛토야스미지칸,damatto yasumi jikan,,,,
케이온,https://youtu.be/Bx1AsBscbdM,Dear My Keys Kenban no Mahou,,,디어마이키즈건반의마법,디어마이키즈켄반노마호우,Dear My Keys Kenban no Mahou,건반의마법,dearmykeys,kenbannomahou
케이온,https://youtu.be/ac-u2Mr0UFM,Death Devil Maddy Candy,,,,데스데빌매디캔디,Death Devil Maddy Candy,,,
케이온,https://youtu.be/Wz-pNcgYo0c,Don't say lazy,,,돈세레,돈세이레이지,Dont say lazy,돈세레,,
하루히,https://youtu.be/YlXrqLvst80,Don't Show Less Than Record Breaking,스즈미야하루히,,꼴사나운 모습은 보이지 마,삼성전자주식,dont show less than record breaking,,,
하루히,https://youtu.be/A7DYQjuGxgg,First Good Bye,ENOZ,,First Good Bye,첫 작별,하바,,,
하루히,https://youtu.be/7YKMMK680D4,fixed mind,키미도리에미리,,fixed mind,픽스드마인드,,,,
케이온,https://youtu.be/glB-smWwBIo,Fude Pen Ball Pen,,,붓펜볼펜,후데펜볼펜,Fude pen ball pen,,,
케이온,https://youtu.be/CXT9Z87k3mU,Genius,,,천재,지니어스,Genius,,,
케이온,https://www.youtube.com/watch?v=ZGuXHxZNozg&feature=emb_title,Girls in Wonderland,,,,걸즈 인 원더랜드,Girls in wonderland,,,
케이온,https://youtu.be/EV-bDK_aipw,Go! Go! Maniac,,,가자가자미친놈,고고매니악,GoGoManiac,,,
하루히,https://www.youtube.com/watch?v=WWB01IuMvzA,God Knows...,스즈미야하루히,,,갓노우즈,GodKnows,,,
하루히-커버,https://www.youtube.com/watch?v=9VE69iqNCfI,God Knows...,호죠카렌,,,갓노우즈,GodKnows,,,
하루히-커버,https://www.youtube.com/watch?v=UFVYFshNUGY,God Knows...,하츠네미쿠,,,갓노우즈,GodKnows,,,
하루히-커버,https://www.youtube.com/watch?v=dQiZhNszRg8,God Knows...,나나코,보쿠라노리메이크,,갓노우즈,GodKnows,,,
하루히-커버,https://www.youtube.com/watch?v=_pIKEdSf7uo,God Knows...,포피파,뱅드림,,갓노우즈,GodKnows,,,
하루히,https://youtu.be/kNBCIaaXbkM,God knows... 리믹스,,,갓노우즈리믹스,,god knows remix,,,
하루히,https://youtu.be/b9FFZMSBiTc,God knows... 현주,,,갓노우즈 현주,갓노우즈겐소우,god knows gensou,,,
케이온,https://youtu.be/B4mE6e2CUOU,Gohan wa Okazu Movie,,,밥은반찬무비,고항와오카즈무비,Gohan wa Okazu Movie,,,
러키스타,https://www.youtube.com/watch?v=wSHWne-gbJY,Gomennasai!,,,미안해,Gomennasai,ImSorry,,,
하루히,https://youtu.be/kklk1O6j2Ng,Greed's Accident,나가토유키,,Greed's Accident,재용이의 사고,그리즈 엑시던트,,,
러키스타,https://www.youtube.com/watch?v=0JrPJeDZjGU,Growing,,,Growing,성장,,,,
케이온,https://youtu.be/1RIzrdEFVcA,Guitar Ni Kubittake,,,,기타니쿠빗타케,Guitar ni kubittake,,,
케이온,https://youtu.be/YvUzKCCyrR4,Happy! Sorry...,,,행복죄송,,Happy! Sorry...,,,
하루히-커버,https://www.youtube.com/watch?v=I7fopwh37dI,Hare Hare Yukai (Hello Happy World Ran Aya),,,맑게맑게유쾌하게 헬로하피 란 아야,하레하레유카이헬로하피 란 아야,하레하레유카이 뱅드림,hare hare yukai bang dream,하레하레하로하피,hare hare yukai hello happy world
케이온,https://youtu.be/cw2fwpGSb0Y,Heart Goes Boom,,,,하트고즈붐,Heart Goes Boom,,,
케이온,https://youtu.be/BqBF3JZUmpA,Hello Little Girl,,,,헬로리틀걸,Hello Little Girl,,,
케이온,https://youtu.be/aEs0htLlqVI,Hidamari Living,,,,히다마리리빙,Hidamari Living,,,
케이온,https://www.youtube.com/watch?v=tpDMYQCdiYA&feature=emb_title,Honey Sweat Tea Time,,,,허니스윗티타임,Honey Sweat Tea Time,,,
케이온,https://youtu.be/aI1KiI0b2R0,Houkago Tea Time,,,호카고티타임,방과후티타임,Houkago Tea Time,호우카고티타임,,
하루히,https://youtu.be/1y8i3Uuc0j0,I am Freedom,스즈미야하루히:나가토유키:아사히나미쿠루,,I am Freedom,자유,Im Freedom,아임프리덤,,
케이온,https://youtu.be/-UGj5T8ONm0,Ichigo Parfait Ga Tomaranai,,,이치고파르페가멈추지않아,이치고파르페가토마나라이,Ichigo Parfait Ga Tomaranai,,,
쿄애니,https://www.youtube.com/watch?v=KJF1X96gfuU,INSIDE IDENTITY,,,,인사이드 아이덴티티,inside identity,,,
케이온,https://youtu.be/Q9kJnCsGmTk,Jajauma Way to Go,,,쟈쟈우마waytogo,자자우마waytogo,Jajauma Way to Go,자자우마웨이투고,,
케이온,https://youtu.be/XDWqV9RPXhc,Joyful Todays,,,조이풀데이즈,,Joyful Todays,,,
케이온,https://youtu.be/panVZQSAvFc,Jump,,,,점프,Jump,,,
케이온,https://youtu.be/46mmxvP1zQw,Junjou Bomber!!,,,순정bomber,쥰죠우바머,Junjou Bomber!!,순정폭격기,준조우봄버,쥰죠우봄버
러키스타,https://www.youtube.com/watch?v=fbVTKHHqLrk,Kenka yohou no jikanda yo,,,싸움예보시간입니다,켄카요호우노지칸다요,kenka yohou no jikanda yo,,,
케이온,https://youtu.be/abvowx4zga0,Kira Kira Days,,,,키라키라데이즈,Kira Kira Days,,,
케이온,https://youtu.be/CMrsuFcwP3g,Let's go-!,,,가자,렛츠고,Let's go-!,,,
케이온,https://www.youtube.com/watch?v=yMwLl2bBvMU,Listen!!,,,듣다,리슨,Listen,,,
러키스타,https://www.youtube.com/watch?v=84yxWebf0LI,Loading Konata Speaking,,,Loading Konata Speaking,Konata Loading,코나타로딩,,,
하루히,https://www.youtube.com/watch?v=MI_wWlz2Rck,Lost my music,스즈미야하루히,,,로스트마이뮤직,LostMyMusic,로마뮤,,
하루히-커버,https://www.youtube.com/watch?v=CsA-YtxZoxM,Lost my music,나카노유카,,,로스트마이뮤직,LostMyMusic,로마뮤,,
하루히,https://youtu.be/rg9PkFEs2ZE,Lost my music 현주,,,로스트마이뮤직 현주 ,로스트마이뮤직 겐소우,lost my music gensou,lost my music 현주,로마뮤 현주,
하루히,https://www.youtube.com/watch?v=3tX-dwcIl58,LOVE EDITION,아사쿠라료코,,러브 에디션,love edition,러브에디숀,,,
케이온,https://www.youtube.com/watch?v=xDKdc5hfLRw,Lovely Sister Love,,,언냐사랑해,러블리 시스터 러브,Lovely Sister Love,,,
케이온,https://youtu.be/qoZfeQg0Wyw,Midnight Superstar,,,,미드나이트슈퍼스타,Midnight Superstar,,,
러키스타,https://www.youtube.com/watch?v=TzHULyLmfNQ,Minna de 5ji Pittan,,,민나데5지피땅,Minna de 5ji pittan,민나데5지피탕,민나데고지피땅,Minna de goji pittan,
하루히,https://youtu.be/8vsCmSOJ-fE,Miracle encore,아사히나 미쿠루,,Miracle encore,미라클앙코르,미라쿠루앙코르,,,
러키스타,https://www.youtube.com/watch?v=bMcUk5f5Bn0,Moe Yousotte Nante Nan Desu Ka?,,,모에요소가 뭔가요,Moe yousotte nandesuka,모에요솟테난데스카,,,
케이온,https://youtu.be/dsbIoAXWUW4,mokujise happy 100%,,,,모쿠지세해피100,mokujise happy 100%,,,
케이온,https://youtu.be/grXXPSNjOak,No Thank You,,,노감사,노 땡큐,No Thank You,,,
케이온,https://youtu.be/fpkwZqtFmRI,Oh My Guitah,,,,오마이기타,Oh My Guitah,,,
케이온,https://www.youtube.com/watch?time_continue=6&v=G9n65zuZdPk&feature=emb_title,Ohayou Mata Ashita,,,좋은아침 내일봐,오하요우마타아시타,Ohayou Mata Ashita,,,
하루히,https://youtu.be/3wB9HSlsoj4,Osawa ga se no The End,츠루야,,시끌벅적의끝,오사와가세노디엔드,osawa ga se no the end,,,
케이온,https://youtu.be/GWXuxVumX2I,Our Magic,,,우리마법,아워매직,Our Magic,,,
케이온,https://youtu.be/lWzPHFOmCzg,Over the Starlight,,,,오버더스타라이트,Over the Starlight,,,
하루히,https://youtu.be/86Q_ana7kuw,Parallel Days,스즈미야하루히,,파라렐데이즈,패러렐데이즈,파라레루데이즈,,,
하루히,https://www.youtube.com/watch?v=XDAgtTegicA,Parallel Days 리믹스,,,페러렐 데이즈 리믹스,패러렐 데이즈 리믹스,Parallel days remix,,,
케이온,https://youtu.be/JCP7KvESUiM,Prologue,,,,프롤로그,Prologue,,,
하루히,https://www.youtube.com/watch?v=jkSac6dJ2_8&feature=emb_title,Punkish Regular,스즈미야하루히,,펑키시레귤라,펑키시 레귤러,punkish regular,,,
케이온,https://www.youtube.com/watch?v=WZKxCkdhDWU,Pure Pure Heart,,,순수순수심장,퓨어퓨어하트,Pure Pure Heart,,,
케이온,https://youtu.be/fNL86TVUDaU,Qui! Ai Kotoba,,,퀴아이코토바,응암구호,Qui! Ai Kotoba,,,
케이온,https://youtu.be/Z6E_NM9baqI,Samidare 20 Love,,,,사미다레 20 Love,Samidare 20 Love,,,
하루히,https://youtu.be/E7NfdUB_ugk,Secret of sensation,ENOZ,,Secret of sensation,시크릿 오브 센세이션,,,,
케이온,https://youtu.be/gCch7ZAXOTc,Seishun Vibration,,,청춘바이브레이션,세이슌바이브레이션,Seishun Vibration,청춘마사기지,,
하루히,https://www.youtube.com/watch?v=NqVZNGcegmY&feature=emb_title,SELECT?,나가토유키,,선택,셀렉트,SELECT,,,
케이온,https://youtu.be/CXgzsmlyRJk,SHINING DRUMMING LIFE,,,,샤이닝드러밍라이프,SHINING DRUMMING LIFE,,,
케이온,https://youtu.be/kYKJBlt40BE,Shiny GEMS,,,,샤이니젬스,Shiny GEMS,,,
쿄애니,https://www.youtube.com/watch?v=rh-xfHTJp6M,Sincerely,,,,신시어리,Sincerely,,,
케이온,https://youtu.be/4ns9GRZWLLs,Singing!,,,노래중,싱잉,Singing,,,
러키스타,https://www.youtube.com/watch?v=5FlUUDnb7gc,Sister Wars,,,시스터워즈,Sister Wars,보빔배틀,,,
하루히,https://youtu.be/ZFOeNPv8Udc,SIXTH SENSE ADVENTURE,스즈미야하루히:나가토유키:아사히나미쿠루,,SIXTH SENSE ADVENTURE,식스센스어드벤쳐,식스센스어드벤처,,,
하루히,https://youtu.be/-Tnr2PZkqWM,SOS라면 괜찮아 (SOS Nara Daijoobu),스즈미야하루히,,SOS라면 괜찮아,sos나라다이죠부,sos nara daijoobu,소스나라다이죠부,,
쿄애니,https://www.youtube.com/watch?v=9SM0Z2cR4Rc,Sparkling Daydream,,,,스파클링 데이드림,Sparkling Daydream,,,
하루히,https://youtu.be/vQ_0nD0QE4E,Star way to heaven,ENOZ,,Star way to heaven,스타웨이투헤븐,바갤러,Stairway to Heaven,,
케이온,https://youtu.be/HRVOAt8sayk,Sunday Siesta,,,,선데이시에스타,Sunday Siesta,,,
하루히,https://www.youtube.com/watch?time_continue=1&v=B4-iHImDrmk&feature=emb_title,Super Driver,스즈미야하루히,,초운전자,슈퍼 드라이버,Super Driver,,,
케이온,https://youtu.be/H3zjROdHU04,Sweet Bitter Beauty Song,,,,스윗비터뷰티송,Sweet Bitter Beauty Song,,,
케이온,https://youtu.be/qVpIsrVy8u0,Tokimeki Sugar,,,두근두근 Sugar,토키메키 Sugar,Tokimeki Sugar,도키메키슈가,,
케이온,https://youtu.be/7KyMAeNYmYc,U & I,,,유&아이,유앤아이,UI,우이,유이,
케이온,https://youtu.be/5TiBJszbPSk,Uki Uki New My Way!,히라사와우이,,우키우키뉴마이웨이,우키우키newmyway,Uki Uki New My Way!,,,
하루히,https://youtu.be/e69kpBHxUq4,under Mebius,나가토유키,,under Mebius,메비우스의 아래에서,메비우스 아래,,,
케이온,https://youtu.be/vgpyMGb2vYY,Unmei wa Endless!,,,운명은엔드리스,운메이와엔드리스,Unmei wa endless,,,
케이온,https://youtu.be/XxN19NmWwP0,Utauyo Miracle!,,,노래해요기적,우타우요미라클,Utauyo Miracle!,,,
쿄애니,https://www.youtube.com/watch?v=oKGIbLzMyak,Van!shment Th!s World,,,이세계소실,배니쉬멘트 디스 월드,vanishment this world,배니쉬먼트디스월드,,
쿄애니,https://www.youtube.com/watch?v=w-LZ7o3PFpw,VOICE,,,목소리,보이스,voice,,,
하루히,https://youtu.be/AMr3xiu1skk,Welcome UNKNOWN,스즈미야하루히:나가토유키:아사히나미쿠루,,Welcome UNKNOWN,웰컴언노운,,,,
하루히,https://youtu.be/GthPv4lSZ6I,When I was in love,ENOZ,,When I was in love,사랑에빠졌을때,,,,
하루히,https://youtu.be/lGLGBFfYq-4,Wonder trip,스즈미야하루히:나가토유키:아사히나미쿠루,,Wonder trip,원더트립,,,,
케이온,https://youtu.be/D03oqMFb-i4,Yasei No Jounetsu,코토부키츠무기,,야성의정열,야세이노죠우네츠,Yasei No Jounetsu,,,
쿄애니,https://www.youtube.com/watch?v=HAuTaWLe8ZM,Zzz,,,zzz,ㅋㅋㅋ,zzz,www,,