team,video,title,ko_translate,ko_read,en_read,sub1,sub2,sub3
765,https://youtu.be/S0HNbJsuS_A,M@STERPIECE,마스터피스,masterpiece,Masterpiece,Msterpiece,마피,명작
765,https://youtu.be/Ilrsee7epJc,Maybe TOMORROW,,메이비투모로우,Maybe TOMORROW,,,
765,https://youtu.be/NbgPFOgUJU4,芽吹の季 (Mebuki no Toki),,메부키노토키,Mebuki no Toki,,,
765,https://youtu.be/UuE-G1u8X_s,9 02 pm,9 02 pm,902,,,,
765,https://youtu.be/KBzhyLMng3I,99 Nights,99 Nights,99밤,,,,
765,https://youtu.be/KCiDoTsbFu4,そしてぼくらは旅にでる(그리고 우리는 여행을 떠난다),그리고 우리는 여행을 떠난다,소시테보쿠라와타비니데루,soshite bokurawa tabini deru,,,
765,https://youtu.be/HyeSsVM6Res,帰り道(Kaerimichi),돌아가는 길,카에리미치,kaerimichi,귀가길,,
765,https://youtu.be/l70quufmJLc,初恋 ～二章 告白の花火～(Hatsukoi~Nishou Kokuhaku no hanabi),첫사랑 2장 고백의 불꽃,하츠코이니쇼우코쿠하쿠노하나비,Hatsukoi Nishou Kokuhakno hanabi,,,
765,https://youtu.be/O-MOizCZqBo,虹色ミラクル(Nijiiro Miracle),니지이로미라클,니지이로미라쿠루,Nijiiro Miracle,칠색기적,7색기적,
765,https://youtu.be/l-_MsuN41ow,あ~よかった (A~Yokatta),아요캇타,,A Yokatta,,,
765,https://youtu.be/DfKrmoOfjqc,アクセルレーション(Acceleration),액셀러레이션,악셀러레이션,Acceleration,엑셀러레이션,가속,
765,https://youtu.be/0fO801PgpxE,Agape,아가페,,Agape,,,
765,https://youtu.be/voz_35JOIIw,エージェント夜を往く(Agent Yoru wo Yuku),공익 밤을 가다,에이젼트 밤을 가다,Agent Yoru wo Yuku,에이젼트요루오아루쿠,,
765,https://youtu.be/JxNxhOhHLe8,愛 LIKE ハンバーガー(Ai LIKE Hamburguer),아이 라이크 햄버거,아이 라이크 함바가,Ai LIKE Hamburguer,햄버거,함바가,
765,https://youtu.be/EnxY10TbLcY,アイ MUST GO! (Ai MUST GO!),아이 머스트 고,AI 머스트 고,Ai MUST GO!,,,
765,https://youtu.be/JoIJZukh7IA,愛について (Ai Nitsuite),사랑에 대해서,아이니츠이테,Ai Nitsuite,,,
765,https://youtu.be/t4oQqK7mukU,愛のうた (Ai no Uta),사랑의노래,아이노우타,Ai no Uta,,,
765,https://youtu.be/1ldk3G0g6kg,会いたい気持(Aitai Kimochi),만나고싶은 기분,아이타이기모치,Aitai Kimochi,아이타이키모치,아이타이기모찌,아이타이키모찌
765,https://youtu.be/qb0Jimhh2VE,灯 (Akashi),증표,아카시,Akashi,,,
765,https://youtu.be/kzTIKrqVMdc,Akatsuki no Kuruma,아카츠키노쿠루마,적월의자동차,Akatsuki no Kuruma,,,
765,https://youtu.be/0VsFhGGTblQ,ALRIGHT,ㄱㅊ,올라이트,ALRIGHT,올라잇,,
765,https://youtu.be/5S73rzlRPVQ,아마테라스,아마테라스,,Amaterasu,,,
765,https://youtu.be/TL3uTDy8m0c,암리타(アムリタ),암리타,아무리타,amrita,amurita,,
765,https://youtu.be/RkU5YSn_7q4,アナタのヒトコト (Anata no Hitokoto),당신의한마디,아나타노히토코토,Anata no Hitokoto,,,
765,https://youtu.be/tFI_9sKBR0w,亜熱帯 ガール(Anettai Girl),아열대걸,아네타이걸,Anettai Girl,,,
765,https://youtu.be/Aa_sRNno76M,あの日のナミダ(Ano Hi no Namida),그날의눈물,아노히노나미다,Ano Hi no Namida,,,
765,https://www.youtube.com/watch?v=8cPAdznoD9M,파랑새,파랑새,아오이 토리,Aoi TOri,,,
765,https://youtu.be/4b3oh9k_GPQ,青空のナミダ(Aozora no Namida),푸른하늘의 눈물,아오조라노나미다,Aozora no Namida,,,
765,https://youtu.be/-jAtaZjcLcE,あ・り・が・と・YESTERDAYS(Arigato YESTERDAYS),아리가토우Yesterdays,아리가토Yesterdays,Arigato YESTERDAYS,아리가토예스터데이즈,아리가토우예스터데이즈,Arigatou YESTERDAYS
765,https://youtu.be/YrXT_WHgJUQ,ありがとう･･･(Arigato...),고마워,아리가토우,Arigatou...,아리가토,아리가또,아리가또우
765,https://youtu.be/UFoZUUieXpY,歩いて帰ろう(Aruite Kaerou),걸으면서돌아가자,아루이테카에로우,Aruite Kaerou,,,
765,https://youtu.be/S-IAd1gkWHc,明日があるさ(Ashita ga Arusa),,아시타가아루사,Ashita ga Arusa,,,
765,https://youtu.be/Q1kFicYjTJc,明日春が来たら(Ashita Haru ga Kitara),내일 봄이 온다면,아시타하루가키타라,Ashita Haru ga Kitara,,,
765,https://youtu.be/-Y7rE8ZF2TM,明日はきっといい日になる(Ashita wa kitto iihini naru),내일은 분명 좋은날이 될거야,아시타와킷토이이히니나루,Ashita wa kitto iihini naru,,,
765,https://youtu.be/SZQwim2-D7Y,あたしを彼女にしたいなら(Atashi wo Kanojo ni Shitai Nara),나를여자친구로만들고싶다면,아타시오카노죠니시타이나라,atashi o kanojo ni shitai nara,atashi wo kanojo ni shitaai nara,,
765,https://youtu.be/EQNLcM1nP6o,あったかな雪(Attaka na Yuki),,앗타카나유키,Attaka na Yuki,,,
765,https://youtu.be/VzJDFvRuAfI,Best Friend,,베스트프렌드,Best Friend,,,
765,https://youtu.be/Nai14HThfSw,Blooming Star,,블루밍스타,Blooming Star,,,
765,https://youtu.be/K6RCJuVvdKo,ブルウ・スタア(Blue Star),,블루스타,Blue Star,,,
765,https://youtu.be/2t2nXlMsftY,Brand New Day!,,브랜뉴데이,Brand New Day!,브랜드뉴데이,,
765,https://youtu.be/q6q_h2DYQAI,Brand New Wave Upper Ground,,브랜뉴웨이브어퍼그라운드,Brand New Wave Upper Ground,브랜드뉴웨이브어퍼그라운드,,
765,https://youtu.be/hra1DKsafWE,BRAVE STAR,,브레이브스타,BRAVE STAR,,,
765,https://youtu.be/OcH2OGmaqOE,Buzzstyle,,버즈스타일,Buzzstyle,,,
765,https://youtu.be/MMj7EBQmudg,カプチーノ(Cappuccino),,카푸치노,Cappuccino,,,
765,https://youtu.be/h-U3739ihVw,Catch me☆Get you! ～Banpresto no Uta～,캐치미게츄반스레스토노우타,캐치미겟유반프레스토노우타,Catch me☆Get you! ～Banpresto no Uta～,반스레스토노우타,Catch me Get You,
765,https://youtu.be/uSO0haa-Wh4,Catch You Catch Me,,캐치유캐치미,Catch You Catch Me,,,
765,https://youtu.be/iLvdyzAIYP0,Champion,,챔피언,Champion,참피온,,
765,https://youtu.be/qLIXZgYl-vo,Cheering Letter,,치어링레터,Cheering Letter,,,
765,https://youtu.be/7FlFKZ1P62Q,チェリー(Cherry),,체리,Cherry,,,
765,https://youtu.be/zfCxtwxBfKM,チキンライス(Chicken Rice),닭고기덮밥,치킨 라이스,Chicken Rice,,,
765,https://youtu.be/G9I7yWdRQGk,Chiisaki Mono,,치이사키모노,Chiisaki Mono,,,
765,https://youtu.be/ZlMomNi-vZo,近道したい (Chikamichi Shitai),,치카미치시타이,Chikamichi Shitai,,,
765,https://youtu.be/s2z-Kya0yK4,choco fondue,쵸코퐁듀,초코퐁듀,choco fondue,초코,퐁듀,
765,https://youtu.be/syvziV0nsxs,クリスマス・イヴ(Christmas Eve),,크리스마스 이브,Christmas Eve,,,
765,https://youtu.be/0KxfSWsf9t0,Closet Fashion Lover,,클로젯 패션 러버,Closet Fashion Lover,,,
765,https://youtu.be/4WTvcQPqGYY,コーヒー1杯のイマージュ(Coffee Ippai no Image),커피,커피 잇빠이노이미지,Coffee Ippai no Image,커피잇빠이노이마쥬,커피한잔의이마쥬,
765,https://youtu.be/CmAN1QtDeDY,Colorful Days,,컬러풀데이즈,Colorful Days,,,
765,https://youtu.be/kfyzLOXD5SM,Coming Smile,,커밍스마일,Coming Smile,,,
765,https://youtu.be/DpNuu5fNVIw,CRIMSON LOVERS,,크림슨러버즈,CRIMSON LOVERS,,,
765,https://youtu.be/jBWjwFDHmFQ,Cutie Honey,,큐티하니,Cutie Honey,,,
765,https://youtu.be/ZQspqhVWpMU,大スキ！ (Daisuki!),정말좋아,다이스키,Daisuki!,,,
765,https://youtu.be/4hUhxz95xtc,団結(Danketsu),단결,단결,Danketsu,danketsu2010,단결2010,
765,https://youtu.be/ZTN-Z7xg_NA,Day of the future,,,Day of the future,,,
765,https://youtu.be/aOwjd5ApuCo,DESTINY,운명,데스티니,DESTINY,,,
765,https://youtu.be/7CR8uG88EHQ,Destiny 太陽の花(Destiny~Taiyou no Hana~),데스티니 태양의 꽃,데스티니 타이요우노하나,Destiny~Taiyou no Hana~,운명 태양의 꽃,,
765,https://youtu.be/9oMwfX5j-7Q,DIAMOND,,다이아몬드,DIAMOND,,,
765,https://youtu.be/rgiCPez7fyw,DING DONG,,딩동,DING DONG,,,
765,https://youtu.be/gxInCIHHKIk,DIVE TO WORLD,,다이브투월드,DIVE TO WORLD,,,
765,https://youtu.be/9ep9ze6nZl4,Do Dai,,도다이,Do Dai,,,
765,https://youtu.be/qVvh2DHYyKU,ドゥー・ユー・リメンバー・ミー (Do You Remember Me),,두유리멤버미,Do You Remember Me,,,
765,https://youtu.be/gK8WtaKILqE,ドキッ ラブアトラクション(Doki Love Attraction),도킷러브어트랙션,도키러브어트랙션,Doki Love Attraction,러브어트랙션,,
765,https://youtu.be/WTO3uOK0jHA,どっきり☆ハピバ(Dokkiri Happy Birthday),돗키리HappyBirthday,돗키리해피버스데이,Dokkiri Happy Birthday,Happy Birthday,,
765,https://youtu.be/AXtsK1UBUZ0,DREAM,꿈,드림,DREAM,,,
765,https://youtu.be/Gz8p3PdJR-g,ECHO,메아리,에코,ECHO,에쵸,,
765,https://youtu.be/eE4EM21WSAA,笑顔のゲンキ (Egao no Genki),,에가오노겐키,Egao no Genki,에가오노겡키,,
765,https://youtu.be/IEWBp-Ky9eg,Ever Sunny,,에버서니,Ever Sunny,,,
765,https://youtu.be/0nTHokbNcpI,Everything,모든것,에브리띵,Everything,에브리씽,,
765,https://youtu.be/ZC5srrZHcEc,EXCAVATE,발굴,엑스케베이트,EXCAVATE,excavate,엑스케베이트 디그더그뉴송,
765,https://youtu.be/ufV3qQFgDjY,Fate of the World,세계의운명,페이트오브더월드,fate of the world,,,
765,https://youtu.be/glqXK8zjtsw,First Stage,,퍼스트스테이지,First Stage,,,
765,https://youtu.be/mg6Mio6AFHo,フラワーガール (Flower Girl),꽃녀,플라워걸,Flower Girl,,,
765,https://youtu.be/jcLqx_9EEpc,Fly High!,플라이하이,Fly High,Fly High!,플라이하이 드래곤스피릿뉴송,,
765,https://youtu.be/f7mE31Y-ELs,For フルーツバスケット(For Fruits Basket),,포후루츠바스켓,For Fruits Basket,포프루츠바스켓,,
765,https://youtu.be/Z0ZBjzwUAZQ,FOUR,넷,포,FOUR,사,4,
765,https://youtu.be/DHbhYLW4SGQ,Funny Logic,,퍼니로직,Funny Logic,,,
765,https://youtu.be/7mvQ136wWcw,Furufuru Future☆,,후루후루퓨쳐,Furufuru Future☆,,,
765,https://youtu.be/xYLbsIiRp0Q,フタリの記憶 (Futari no Kioku),두사람의기억,후타리노키오쿠,Futari no Kioku,,,
765,https://youtu.be/z8t35TXO034,ふたりのもじぴったん (Futari no Moji Pittan),,후타리노모지피탄,Futari no Moji Pittan,후타리노모지피땅,,
765,https://youtu.be/AHQNOHK0-sY,ふたつの月(Futatsu no Tsuki),두개의달,후타츠노츠키,Futatsu no Tsuki,,,
765,https://youtu.be/qjc3NHw9pjQ,ガーネット(Garnet),,가넷,Garnet,,,
765,https://youtu.be/84cTkec0LAg,Glamorous Sky,,글래머러스 스카이,Glamorous Sky,,,
765,https://youtu.be/2kNgiGXGz4M,GO MY WAY!!,고마웨,고마이웨이,GO MY WAY!!,,,
765,https://youtu.be/5nN-CxAKR84,Good Byes,작별,굿바이즈,Good Byes,,,
765,https://youtu.be/C3DmIsqYRLk,Goodnight Stars,굿나이트스타즈,굿나잇스타즈,Goodnight Stars,,,
765,https://youtu.be/wlKHYCTwVGk,Groovin' Magic,그루빈매직,그루빙매직,Groovin' Magic,,,
765,https://youtu.be/9UFqLufj684,始めのDon't worry(Hajime no Don't worry),하지메노dontworry,하지메노돈워리,Hajime no Don't worry,시작의dontworry,시작의돈워리,
765,https://youtu.be/P5_fZURmy5U,花(Hana),꽃,하나,Hana,,,
765,https://youtu.be/cCXD0_qTVik,ハニカミ!ファーストバイト(Hanikami! First Bite),하니카미,하니카미퍼스트바이트,Hanikami! First Bite,hanikami,,
765,https://youtu.be/hvQkcLFDWcw,Happy Christmas,,해피 크리스마스,Happy Christmas,,,
765,https://youtu.be/Ow1Mkb0F7Cw,Happy!,하피,해피,Happy!,행복,,
765,https://youtu.be/59ns3OQaK3Y,Happy☆Material,마약,해피매터리얼,Happy☆Material,,,
765,https://youtu.be/JZ3iieTYsx4,はらり、ひらり(Harari Hirari),,하라리히라리,Harari Hirari,,,
765,https://youtu.be/oXHQdYuwLms,Harikiri★Rally,harikiri rally,하리키리랠리뉴송,Harikiri★Rally,하리키리랠리,,
765,https://youtu.be/A1QU9wxuuRg,春(Haru),봄,하루,Haru,,,
765,https://youtu.be/AkhYDLKrIsE,はるのきおく(Haru no Kioku),봄의기억,하루노키오쿠,Haru no Kioku,,,
765,https://youtu.be/3QY9k41Seas,春よ 来い(Haru yo Koi),봄이여오라,하루요코이,Haru yo Koi,,,
765,https://youtu.be/nuLFx5lWrhk,Hatsukoi Goshou Eien no Christmas,첫사랑5장영원의크리스마스,하츠코이고쇼우에이엔노크리스마스,Hatsukoi Goshou Eien no Christmas,첫사랑오장영원의크리스마스,첫사랑5장,
765,https://youtu.be/sdq6XvvSXj4,初恋 ～三章 幸せの紅葉～(Hatsukoi ~Sanshou Shiawase No Kouyou),첫사랑 3장 행복의 단풍,하츠코이산쇼우시아와세노코우요우,hatsukoi sanshou shiawase no kouyou,첫사랑 삼장 행복의 단풍,첫사랑3장,
765,https://youtu.be/o1q1JDFpa4Y,初恋 ～一章 片想いの桜～(Hatsukoi~Issho Kataomoi no Sakura),첫사랑1장짝사랑의벚꽃,하츠코이잇쇼우카타오모이노사쿠라,Hatsukoi~Issho Kataomoi no sakura,,첫사랑1장,
765,https://youtu.be/08erDGG-H1A,ハロー (Hello),하로,헬로,Hello,안녕,,
765,https://youtu.be/oE-2mR78B2o,Hello＊Lunchtime,,헬로런치타임,Hello＊Lunchtime,,,
765,https://youtu.be/Z8ylVqXhTco,Here we go!!,히위고,히어위고,Here we go!!,히어위고우,지금가요,
765,https://youtu.be/sczagaz-TSg,ヒーロー(Hero),히로,히어로,Hero,영웅,,
765,https://youtu.be/wOzxto8h1n4,部屋とYシャツと私 (Heya to Y-Shirt to Watashi),방과와이셔츠와나,헤야토와이셔츠토와타시,Heya to Y-Shirt to Watashi,,,
765,https://youtu.be/snPh6AnI4aU,光(Hikari),빛,히카리,hikari,,,
765,https://youtu.be/1YCKFbtuRxM,Honey Heartbeat,하니하트비트,허니하트비트,Honey Heartbeat,,,
765,https://youtu.be/diIy7hBt5Ck,炎ノ鳥(Hono-o no tori),불새,호노우노토리,Hono-o no tori,호노노토리,호노오노토리,hononotori
765,https://youtu.be/rQfjXCK8XeA,星の降る街 (Hoshi no Furu Machi),별이내리는거리,호시노후루마치,Hoshi no Furu Machi,,,
765,https://youtu.be/bPbqAjA13o4,Hoshi no Kakera wo Sagashi ni Ikou Again,,호시가카케라오사가시니이코우어게인,Hoshi no Kakera wo Sagashi ni Ikou Again,,,
765,https://youtu.be/4fZYqx0MflQ,放課後ジャンプ(Houkago Jump),방과후점프,호카고점프,houkago jump,호카고우점프,,
765,https://youtu.be/1HNeblVy9OU,HUG,,허그,HUG,,,
765,https://youtu.be/QVk9Ei5zRMc,i,나,아이,i,,,
765,https://youtu.be/F761BhZn7nc,I Want,,아이원트,I Want,,,
765,https://youtu.be/MFMQDw3Mwns,I'm so free!,,아임소프리,I'm so free!,,,
765,https://youtu.be/ga0Tza8DuHs,I'm Yours,,아임유어즈,I'm Yours,,,
765,https://youtu.be/9W5RMYkQcNo,アイスキャンディー(Ice Candy),얼음사탕,아이스캔디,Ice Candy,,,
765,https://youtu.be/3Rc8cpSOQ-s,一時間遅れの僕の天使(Ichi Jikan Okure No Boku No Tenshi),,이치지칸오쿠레노보쿠타치노텐시,Ichi JikanOkurenoBokunoTenshi,,,
765,https://youtu.be/CrmWlt5TjXc,イチバンボシ(Ichiban Boshi),일등성,이치방보시,ichiban boshi,1등성,,
765,https://youtu.be/RmM3niC1NT0,IDOL POWER RAINBOW,,아이돌파워레인보우,IDOL POWER RAINBOW,,,
765,https://youtu.be/Lg4DHRygJ3w,Ijiwaru Shinai de Dakishimete yo,,이지와루시나이데 다키시메테요,Ijiwaru Shinai de Dakishimete yo,,,
765,https://youtu.be/QjH8Uyvndic,inferno,,인페르노,inferno,,,
765,https://youtu.be/a0mjNTFKF7M,inferno SQUARING,,인페르노스퀘어링,inferno SQUARING,,,
765,https://youtu.be/qAtKd96V00o,インセインゲーム(Insane Game),미친게임,인세인게임,Insane Game,,,
765,https://youtu.be/0low4sayo-s,いっぱいいっぱい (Ippai Ippai),가득가득,잇빠이잇빠이,Ippai Ippai,입빠이입빠이,안경,
765,https://youtu.be/osklmiRhDag,色・ホワイトブレンド(Iro White Blend),,이로화이트블렌드,Iro White Blend,,,
765,https://youtu.be/UYN43i325ic,Is This Love,이거사랑이냐,이스디스러브,is this love,,,
765,https://youtu.be/g83Esn_kgL0,以心伝心しよう(Ishindenshin Shiyou),이심전심시요우,이신덴신시요우,Ishindenshin Shiyou,이신덴신시요,이심전심시요,이심전심하자
765,https://youtu.be/9_6TyOAtTyc,いっしょ (Issho),같이,잇쇼,Issho,,,
765,https://youtu.be/cm8x3FE8sqc,It's Show,잇쇼,잇츠쇼,its show,잇츠쑈,,
765,https://youtu.be/togtUSSu6X0,イタズラなKISS(Itazura na Kiss),장난스런키스,이타즈라나키스,Itazura na Kiss,,,
765,https://youtu.be/A1U5BcUBKjA,糸 (Ito),실,이토,Ito,,,
765,https://youtu.be/DjvmY3A7S1I,J☆U☆M☆P,,점프,jump,,,
765,https://youtu.be/9RoyrAXId6k,自分 REST@RT(Jibun REST@RT),지분리,지분리스타트,jibunrestart,jibunrest@rt,jibunre,jibunri
765,https://youtu.be/WtNtEAKngwU,人生は夢だらけ (Jinsei wa Yume Darake),,진세이와유메다라케,Jinsei wa Yume Darake,,,
765,https://youtu.be/1tnSC-bfobQ,自転車 (Jitensha),자전거,지텐샤,Jitensha,,,
765,https://youtu.be/I3sYuV8cBJs,純愛・ジェネレーション(Jun'ai Generation),순애제네레이션,쥰아이제네레이션,Jun'ai Generation,,,
765,https://youtu.be/MZgSaUnXaQo,Jupiter,목성,쥬피터,Jupiter,,,
765,https://youtu.be/zwJR4Secr1w,仮面舞踏会 (Kamen Butoukai),가면무도회,카멘부도우카이,Kamen Butoukai,,,
765,https://youtu.be/ahgK8YwG510,神さまのBirthday (Kami sama no Birthday),카미사마노BirthDay,카미사마노버스데이,Kami sama no Birthday,카미사마노바스데이,,
765,https://youtu.be/rVVCPzi97gI,悲しみよこんにちは (Kanashimi yo Konnichiwa),,카나시미요콘니치와,Kanashimi yo Konnichiwa,,,
765,https://youtu.be/m9Jn5knXaDM,カンゲキハッピーエコロジー(Kangeki Happy Ecology),,칸게키해피에콜로지,Kangeki Happy Ecology,칸게키하피에코로지,,
765,https://youtu.be/qesD0IrD7ug,可能性ガール(Kanousei Girl),가능성걸,카노우세이걸,Kanousei Girl,,,
765,https://youtu.be/NoKmMSNWKtc,かたちあるもの(Katachi Aru Mono),형태가있는것,카타치아루모노,Katachi Aru Mono,,,
765,https://youtu.be/XtwtQWxUdEI,변하지않는것 (Kawaranaimono),변하지않는것,카와라나이모노,Kawaranaimono,,,
765,https://youtu.be/M4QO5UWRn6I,かざぐるま(Kazaguruma),,카자구루마,Kazaguruma,,,
765,https://youtu.be/TyPt392XH3k,風花(Kazahana),풍화,카자하나,kazahana,,,
765,https://youtu.be/R65cABDg3f0,風の魔法(Kaze no Mahou),바람의마법,카제노마호우,Kaze no Mahou,,,
765,https://youtu.be/3sVJZf-LrYs,風立ちぬ(Kaze Tachinu),,카제타치누,Kaze Tachinu,,,
765,https://youtu.be/70rFz-5uNc8,風と雲と私(Kaze to Kumo to Watashi),바람과구름과나,카제토쿠모토와타시,Kaze to Kumo to Watashi,,,
765,https://youtu.be/G6fzANRaYfM,数え歌(Kazoe Uta),세는노래,카조에우타,Kazoe Uta,,,
765,https://youtu.be/NyNa9nGHPxg,キミ＊チャンネル(Kimi Channel),너채널,키미채널,Kimi Channel,키미찬네루,니채널,
765,https://youtu.be/QEIvKAicx3M,Kimi ga Erabu Michi,너가고르는길,키미가에라부미치,Kimi ga Erabu Michi,,,
765,https://youtu.be/rfsT75hAEew,Kimi no Mama de,,키미노마마데,Kimi no Mama de,,,
765,https://youtu.be/2GlE0QXzPAc,Kimi wa Melody,키미와melody,키미와멜로디,Kimi wa Melody,너는멜로디,너는melody,
765,https://youtu.be/eGNLEZKvRZs,キラメキラリ (Kiramekirari),,키라메키라리,Kiramekirari,,,
765,https://youtu.be/lu7_B_XeaJY,KisS,,키스,KisS,,,
765,https://youtu.be/ttKs0yazx9M,Kiss Me Good Bye,,키스미굿바이,Kiss Me Good Bye,,,
765,https://youtu.be/W5EtDhhFDsY,恋(Koi),연,코이,koi,,,
765,https://youtu.be/gLdCpRMquOo,コイ・ココロ(Koi Kokoro),,코이코코로,Koi Kokoro,,,
765,https://youtu.be/KIRzv6oIblo,恋とマシンガン(Koi to Machine Gun),사랑과머신건,코이토머신건,Koi to Machine Gun,코이토마신간,,
765,https://youtu.be/_N4JBq5I5QY,恋人がサンタクロース(Koibito ga Santa Claus),,코이비토가산타클로스,Koibito ga Santa Claus,,,
765,https://youtu.be/TyZpZv-iLCE,恋するミカタ (Koisuru Mikata),,코이스루미카타,Koisuru Mikata,,,
765,https://youtu.be/GXwyT8kolhk,恋するTwist&Shout(Koisuru...),코이스루트위스트샤우트,코이스루트위스트앤샤우트,Koisuru Twist&Shout,koisuru twist and shout,,
765,https://youtu.be/on7gSQ1_r04,Kosmos Cosmos,,코스모스 코스모스,Kosmos Cosmos,,,
765,https://youtu.be/kCVUP7iCS_A,久遠の河(Kuon no Kawa),,쿠온노카와,Kuon no Kawa,,,
765,https://youtu.be/g2w1KNx8rBU,黒い犬 (Kuroi Inu),흑견,쿠로이이누,Kuroi Inu,,,
765,https://youtu.be/Jw3MU3AtNq4,きゅんっ！ヴァンパイアガール(Kyun!Vampire Girl),큥뱀,큥뱀파이어걸,Kyun!Vampire Girl,큥뱀파,큥,뱀파이어
765,https://youtu.be/Y8IpJjGKf18,L・O・B・M,,엘오비엠,lobm,,,
765,https://youtu.be/wWmFJI8TdlE,L<>R ,엘알,LR,L R,,,
765,https://youtu.be/bwn2sprWh8I,La♪La♪La♪Wonderland,원더랜드,라라라원더랜드,La♪La♪La♪Wonderland,,,
765,https://youtu.be/YMqxnqpKYrc,Labyrinth,미궁,라비린스,Labyrinth,,,
765,https://youtu.be/flxKIodZtwo,Large Size Party,빅젖파티,라지사이즈파티,Large Size Party,,,
765,https://youtu.be/za8NhW3MV-U,LEMONADE,,레모네이드,LEMONADE,,,
765,https://youtu.be/J9b46CAHHz8,Light Year Song,광년송,라이트이어송,Light Year Song,,,
765,https://youtu.be/dSnvvKL_BeI,Little Match Girl,성냥팔이소녀,리틀마치걸,Little Match Girl,,,
765,https://youtu.be/ducrW5BIs-A,livE,리브,라이브,livE,리베,,
765,https://youtu.be/U3WVphZQsr8,ラ♥ブ♥リ♥ (Lo♥ve♥ly♥),라부리,러블리,lovely,,,
765,https://youtu.be/muwpQWhwGWg,Looking For Love,,루킹포러브,Looking For Love,,,
765,https://youtu.be/P2DTQoffm5c,LOST,,로스트,LOST,,,
765,https://youtu.be/byv08Xa0zHA,LOVEオーダーメイド(LOVE Order Maid),,러브오더메이드,Love Order Maid,,,
765,https://youtu.be/HnulddzLLZk,ラムのラブソング(Lum no Love Song),라무의 러브송,라무노어브송,Lum no Love Song,Ramu no love song,,
765,https://youtu.be/3Fh-gtNlFgk,待ち受けプリンス(Machiuke Prince),기다리는프린세스,마치우케프린세스,Machiuke Prince,마치우케,,
765,https://youtu.be/tXhdjBzXN-o,前向きで行こう♪(Maemuki de Ikou),,마에무키데이코우,Maemuki de Ikou,,,
765,https://youtu.be/1_LY7jx6dMY,まほろば(Mahoroba),,마호로바,Mahoroba,,,
765,https://youtu.be/gbJGs4yGwPQ,Mahou wo Kakete!,마법을걸어줘,마호우오카케테,Mahou o Kakete!,mahou wo kakete,마호오카케테,
765,https://youtu.be/CdmrsI1ATBI,マジで…! (Majide...!),,마지데,majide,,,
765,https://youtu.be/60rTEA65PWw,まっくら森の歌 (Makkura Mori no Uta),,막쿠라모리노우타,Makkura Mori no Uta,맛쿠라모리노우타,,
765,https://youtu.be/qTQ7pupCvx4,マリオネットの心Marionette no Kokoro),마리오네트의마음,마리오네트노코코로,Marionette no Kokoro,,,
765,https://youtu.be/qp5epRIfPsk,Massugu,직진,맛스구,Massugu,똑바로,,
765,https://youtu.be/pBQhsGqFWz8,MEGARE!,,메가레,MEGARE!,,,
765,https://youtu.be/A4QRfS4mG-s,迷走Mind (Meisou Mind),미주Mind,메이소우마인드,Meisou Mind,미주마인드,메이소우Mind,
765,https://youtu.be/TRvTwcNBdhA,メランコリニスタ(Melancholinista),우울증환자,멜랑콜리니스타,Melancholinista,,,
765,https://youtu.be/MvRFXH8FO1c,Melted Snow,녹은눈,멜티드스노우,Melted Snow,멜티드스노,,
765,https://youtu.be/cFrmqCLbagU,女々しくて(Memeshikute),,메메시쿠테,Memeshikute,,,
765,https://youtu.be/SbyHfvn1vcs,目が逢う瞬間 (Metome ga Au Shunkan),눈이맞는순간,메토메가아우슌칸,metome ga au shunkan,눈과눈이맞는순간,,
765,https://youtu.be/ix4qApDcQKk,Miracle Night,기적밤,미라클나이트,Miracle Night,,,
765,https://youtu.be/YsvbQUQLv-U,未来の地図(Mirai no Chizu),미래의지도,미라이노치즈,Mirai no Chizu,,,
765,https://youtu.be/vzvUrzThoyg,未来予想図II(Mirai Yosozu 2),미래예상도2,미라이요소즈2,mirai yosozu 2,미래예상도II,MiraiYosozuII,미라이요소즈II
765,https://youtu.be/Il-PXaYUMBM,見つめて(Mitsumete),봐줘,미츠메테,Mitsumete,,,
765,https://youtu.be/0ygxmtyXDWk,MONSTER DANCE,,몬스터댄스,MONSTER DANCE,,,
765,https://youtu.be/kejkyPjQRoc,ムーンライト伝説 (Moonlight Densetsu),달빛전설,문라이트덴세츠,Moonlight Densetsu,문라이트전설,,
765,https://youtu.be/IxcJEOH_uT0,motto☆派手にね！(Motto Hade ni ne!),더화려하게,못토하데니네,Motto Hade ni ne!,,,
765,https://youtu.be/TPQcmT4oCbw,MUSIC♪,무직,뮤직,music,무식,머식,음악
765,https://youtu.be/JhkSVU3M-TI,My Best Friend,,마이 베스트 프렌드,My Best Friend,,,
765,https://youtu.be/nEGKd2SNfVo,マイペースでいきましょう(My Pace de Ikimashou),마이페이스로가자,마이페이스데이키마쇼우,My Pace de Ikimashou,마이페이스데이키마쇼,,
765,https://youtu.be/X3eU6YYnV7c,my song,,마이송,my song,,,
765,https://youtu.be/2WKCuqxlw70,My Sweet Darlin,마이스위트달링,마이스윗달링,My Sweet Darlin,,,
765,https://youtu.be/L7Bz8qhX1Eo,My Wish,,마이위시,My Wish,,,
765,https://youtu.be/S7vTFPjTuWI,Mythmaker,,미스메이커,mythmaker,미쓰메이커,,
765,https://youtu.be/8FKOg3J_Ilg,涙そうそう(Nada Sousou),,나다소우소우,Nada Sousou,,,
765,https://youtu.be/xnS24-TV1kE,仲良しでいようね♥ (Nakayoshi de Iyou ne♥),나카요시데이이요네,나카요시네이요우네,Nakayoshi de Iyou ne♥,나카요시데이요네,,
765,https://youtu.be/q6a-US3_5Hk,涙のハリケーン (Namida no Hurricane),눈물의허리케인,나미다노허리케인,Namida no Hurricane,,,
765,https://youtu.be/vJRJG1Kfs94,七彩ボタン(Nanairo Button),나나이로보탄,나나이로버튼,nanairo button,칠색버튼,,
765,https://youtu.be/ocVsGL1pouY,何度も言えるよ(Nando Mo Ieru yo),,난도데모이에루요,Nando Mo Ieru yo,,,
765,https://youtu.be/AI_zhuXB-7g,なんどでも笑おう (nandode mo waraou),몇번이고웃자,난도데모와라오,nandode mo waraou,난도데모와라오우,,
765,https://youtu.be/PlC3vqZQkt0,ナツノハナ (Natsu no Hana),나츠노하나,나쓰노하나,Natsu no Hana,,,
765,https://youtu.be/bBbUgA4VzrI,ね～え？(Ne~e?),네,네에에,Nee,네에,,
765,https://youtu.be/s_oCIm4VxPk,ねがいひとつ(Negai Hitotsu),,네가이히토츠,Negai Hitotsu,,,
765,https://youtu.be/T8ddjT94sTg,眠り姫(Nemurihime),잠자는공주,네무리히메,nemurihime,,,
765,https://youtu.be/IgdEBgmw_2I,New Me Continued,,뉴미컨티뉴드,New Me Continued,,,
765,https://youtu.be/hCjsrxmcz3o,Next Life,,넥스트라이프,Next Life,,,
765,https://youtu.be/LEQsj7aJ-m8,虹のデスティネーション(Niji no Destination),무지개의데스티네이션,니지노데스티네이션,Niji no Destination,니지노데스티네션,,
765,https://youtu.be/u-9APR6BfIE,Nostalgia,노스탤지아,노스탈지아,Nostalgia,노스텔지아,,
765,https://youtu.be/yK7-t418_IY,オハヨ○サンシャイン(Ohayou Sunshine),오하요선샤인,오하요우선샤인,Ohayou Sunshine,,,
765,https://youtu.be/J_a8kldeZhQ,おはよう！！朝ご飯 (Ohayou!! Asa Gohan),메카밥,오하요우아사고항,Ohayou!! Asa Gohan,오하요우아사고한,오하요아사고항,
765,https://youtu.be/Lw49Tyq-raY,贈る言葉(Okuru Kotoba),,오쿠루코토바,Okuru Kotoba,,,
765,https://youtu.be/6g3S6qTCkFk,オリビアを聴きながら(Olivia wo Kiki Nagara),,올리비아오키키나가라,Olivia wo Kiki Nagara,,,
765,https://youtu.be/vkBSiUZ96CY,想い出がいっぱい(Omoide wo Arigatou),추억에감사해,오모이데오아리가토우,Omoide wo Arigatou,오모이데오아리가토,오모이데오아리가또,
765,https://youtu.be/TUpRASojPl4,ONLY MY NOTE,,온리마이노트,only my note,,,
765,https://youtu.be/u1zhXaBImR0,Otome Shin Nusunde!,,오토메신누슨데,Otome Shin Nusunde,오토메코코로누슨데,,
765,https://youtu.be/LEBTGkPzkDA,OVERM@STER,오바마,오버마스터,OVERM@STER,overmaster,,
765,https://youtu.be/LbokP9pIsd4,PEARL WHITE EVE,,펄화이트이브,PEARL WHITE EVE,,,
765,https://youtu.be/gYqmC0locgM,ピピカ・リリカ (Pipika・ririka),,피피카리리카,pipikaaririka,,,
765,https://youtu.be/t7TrAV2ON3o,プラ・ソニック・ラブ!(Pla-sonic LOVE!),,플라소닉러브,plasonic love,,,
765,https://youtu.be/aEAPzTf7ajw,Pon De Beach,폰데비치,퐁데비치,Pon De Beach,,,
765,https://youtu.be/9Pa9sn-CujM,POP STAR,폽스타,팝스타,POP STAR,,,
765,https://youtu.be/h_53Bq3AAks,ポジティブシンカー! (Positive Thinker!),,포지티브띵커,Positive Thinker,포지티브씽커,,
765,https://youtu.be/3oK3ONOr7Ow,Positive!,,포지티브,Positive!,,,
765,https://youtu.be/OBHl0d8pUWQ,Princess Snow White,,프린세스스노우화이트,Princess Snow White,,,
765,https://youtu.be/ewgDzE76V2k,Pu Ru Ru,,푸루루,Pu Ru Ru,,,
765,https://youtu.be/HtndrPJ6BIY,Q&A,큐앤에이,큐에이,qa,qanda,,
765,https://youtu.be/wp3-TCy-4TY,ラビットパニック(Rabbit Panic),,래빗패닉,Rabbit Panic,,,
765,https://youtu.be/06ujFv3bXIY,らびゅらびゅ(Rabyu Rabyu),,라뷰라뷰,Rabyu Rabyu,,,
765,https://youtu.be/0JPt8MWkUZw,READY!!,준비,레디,READY!!,,,
765,https://youtu.be/nzzkoV0XvMM,黎明スターライン(Reimei Starline),여명스타라인,레이메이스타라인,Reimei Starline,,,
765,https://youtu.be/057rpGzXtf8,relations,릴레이션,릴레이션즈,relations,관계,,
765,https://youtu.be/njy7XD3uCoY,恋愛サーキュレーション(Ren'ai Circulation),,연애서큘레이션,Ren'ai Circulation,,,
765,https://youtu.be/1MOEsue86kw,リルラ リルハ (Rirura Riruha),,리루하리루하,Rirura Riruha,,,
765,https://youtu.be/bWtKlsBoxII,rise,,라이즈,rise,,,
765,https://youtu.be/V-bPZs1XtW4,リゾラ(Rizora),,리조라,Rizora,,,
765,https://youtu.be/iIvfgOcXDKo,ロマンティック 浮かれモード (Romantic Ukare Mode),,로맨틱 우카레 모드,Romantic Ukare Mode,로맨틱우카레모도,로만치쿠우카레모도,
765,https://youtu.be/limqU3jejrE,ロイヤルストレートフラッシュ(Royal Straight Flush),,로열스트레이트플러시,Royal Straight Flush,,,
765,https://youtu.be/BHijVEqjCkg,細氷 (Saihyou),세빙,사이효우,Saihyou,,,
765,https://youtu.be/RZV6qPcqYuo,咲さませ!!乙女塾(Sakimase!! Otomejuku),,사키마세오토메주쿠,Sakimase!! Otomejuku,,,
765,https://youtu.be/46zGBJUmDck,桜色舞うころ (Sakurairo Maukoro),,사쿠라이로마우코로,Sakurairo Maukoro,,,
765,https://youtu.be/tbMtz_KngQc,桜見丘 (Sakuramioka),,사쿠라미오카,sakuramioka,,,
765,https://youtu.be/i-tiMMULklM,Santa ga Machi ni Yattekuru,산타가 마을에 온다,산타가마치니얏테쿠루,Santa ga Machi ni Yattekuru,,,
765,https://youtu.be/WGIgjxNMCH0,Santa Klaus wa Doko no Hito,,산타클로스와도코노히토,Santa Klaus wa Doko no Hito,,,
765,https://youtu.be/kKbv18zFimM,さよならをありがとう(Sayonara no Arigato),사요나라오아리가토,사요나라노아리가토우,Sayonara no Arigato,,,
765,https://youtu.be/zMwWvHNPElA,シーズン・イン・ザ・サン(Season in the Sun),시즌인자산,시즌인더선,Season in the Sun,,,
765,https://youtu.be/F3dmPrOK1p8,聖炎の女神(Seien no Megami),성염의여신,세이엔노메가미,Seien no Megami,,,
765,https://youtu.be/aTo7S-Ka9-g,星間飛行(Seikan Hikou),성간비행,세이칸히코우,Seikan Hikou,,,
765,https://youtu.be/myFPhrfpWGY,Seinaru Yoru Ni,성스러운밤에,세이나루요루니,Seinaru Yoru Ni,,,
765,https://youtu.be/8S2g0F6Onis,Sekai de Ichiban Ganbatteru Kimi ni,,세카이데이치방간밧테루키미니,Sekai de Ichiban Ganbatteru Kimi ni,,,
765,https://youtu.be/h_AsR_dVMXQ,천본앵 (Senbonzakura),천본앵,센본자쿠라,Senbonzakura,,,
765,https://youtu.be/gYCcONNfiFU,せぷてんばぁ(September),9월,셒템버,September,세푸텐바아,,
765,https://youtu.be/iFCYpz0OGj8,セクシータイフーン (Sexy Typhoon),섹시태풍,섹시타이푼,Sexy Typhoon,,,
765,https://youtu.be/3vrXJT3E9xM,シャララ(Shalala),샤라라,,Shalala,,,
765,https://youtu.be/SeG_sa6R7rg,Shangri La,샹그릴라,샹그리라,shangri la,,,
765,https://youtu.be/FMEPNOIkXoo,しあわせのレシピ(Shiawase no Recipe),,시아와세노레시피,Shiawase no Recipe,,,
765,https://youtu.be/sWc7Ccs5n8w,しっくりとゆっくりと(Shikkuri to Yukkuri to),,싯쿠리토윳쿠리토,Shikkuri to Yukkuri to,,,
765,https://youtu.be/Z9G0PWen_Ns,新宝島(Shin Takarajima),신보물섬,신타카라지마,Shin Takarajima,,,
765,https://youtu.be/Se6IXWd8juA,SHINING STAR★彡,샤이닝스타,,SHINING STAR,,,
765,https://youtu.be/IMigaRTsdD0,深紅(Shinku),진홍,신쿠,Shinku,,,
765,https://youtu.be/i7qv3HiUZkI,shiny smile,,샤이니스마일,shiny smile,,,
765,https://youtu.be/HybN89eX-oA,白い犬 (Shiroi Inu),하얀개,시로이이누,Shiroi Inu,백견,,
765,https://youtu.be/eNNjDVtn4xo,静かな夜に願いを… (Shizukana yoru ni negai wo),,시즈카나요루니네가이오,Shizukana yoru ni negai o,shizukana yoru ni negai wo,,
765,https://youtu.be/S1D7PJZrpSA,ショッキングな彼(Shocking na Kare),쇼킹한카레,쇼킹나카레,shocking na kare,숏킨구나카레,,
765,https://youtu.be/lzIMF4epXLk,Shooting,난사,슈팅,Shooting,,,
765,https://youtu.be/cMToKamkFIw,少年時代(Shounen Jidai),소년시대,쇼우넨지다이,Shounen Jidai,,,
765,https://youtu.be/otPcZzBPC8A,サイレント・イヴ(Silent Eve),사일렌트이브,사일런트이브,Silent Eve,,,
765,https://youtu.be/9ilB28jQDQE,Slapp Happy!!!,,슬랩해피,Slapp Happy!!!,,,
765,https://youtu.be/nB--sWTGwe4,スマイル体操(Smile Taisou),스마일체조,스마일타이소우,Smile Taisou,Smile체조,,
765,https://youtu.be/RgxfsiVm1gk,SMOKY FRUITS,,스모키후루츠,SMOKY FRUITS,,,
765,https://youtu.be/i2PIge2aE1Y,SMOKY THRILL,,스모키스릴,SMOKY THRILL,,,
765,https://youtu.be/P6hj2Sw1ih4,Snowdome,,스노우돔,Snowdome,,,
765,https://youtu.be/FmcT80dmvf8,ソナー (Sonar),음탐,소나,Sonar,,,
765,https://youtu.be/dbKJKWPRuLA,空へ・・・ (Sora he),소라헤,소라에,Sora he,하늘로,sorae,
765,https://youtu.be/e89WZt-2_mo,空色デイズ(Sorairo Days),,소라이로데이즈,Sorairo Days,,,
765,https://youtu.be/lhYrd_-ApB0,Sotsugyou,졸업,소츠교우,Sotsugyou,,,
765,https://youtu.be/uTlwLGlJvjU,卒業写真(Sotsugyousyasin),졸업사진,소츠교우샤신,sotsugyousyasin,,,
765,https://youtu.be/7x6ytT_XlRA,SPIRIT,영혼,스피릿,SPIRIT,,,
765,https://youtu.be/IC44OOHC1rU,Squall,스콜,,Squall,,,
765,https://youtu.be/VRF6ou0Gm0M,staple stable,,스테이플스테이블,staple stable,,,
765,https://youtu.be/xByOTvQ0uXw,星彩ステッパー(Starlight Stepper),성영스텝퍼,스타라이트스텝퍼,Starlight Stepper,스타라이트stepper,,
765,https://youtu.be/Wuq_bUoogK4,START!!,스타토,스타트,start,,,
765,https://youtu.be/2k-6sxZ6RV0,スタ→トスタ→ (Start Star),스타토스타,스타트스타,Start Star,,,
765,https://youtu.be/3j5f7r5NjMg,ストレートラブ! (Straight Love!),,스트레이트러브,Straight Love!,,,
765,https://youtu.be/WwQvCNGNPyc,すいみん不(Suimin Fusoku),수면부족,스이민후소쿠,Suimin Fusoku,,,
765,https://youtu.be/T1A6Ok2nh6M,スキ(suki),좋아,스키,suki,,,
765,https://youtu.be/ngIYwee9jDg,好きになって よかった (Suki ni Natte Yokatta),좋아하게되어서다행이야,스키니낫테요캇타,Suki ni Natte Yokatta,,,
765,https://youtu.be/cCQYh9WJc5Y,ステキハピネス(Suteki Happiness),스테키happiness,스테키해피니스,Suteki Happiness,,,
765,https://youtu.be/D1hzh0GbJnM,すてきなホリデイ(Suteki na Holiday),스테키나holiday,스테키나홀리데이,suteki na holiday,,,
765,https://youtu.be/EWbJ5mTn838,Swallowtail Butterfly,,스왈로우테일버터플라이,Swallowtail Butterfly,,,
765,https://youtu.be/0Q33f2R9Nn0,スウィートドーナッツ (Sweet Donuts),스윗도나쓰,스윗도너츠,Sweet Donuts,,,
765,https://youtu.be/5YoMUYU7fIc,旅立ちの日に…(Tabidachi no Hi ni...),,타비다치노히니,Tabidachi no Hi ni...,,,
765,https://youtu.be/siKc0pucfbk,たいせつなひと(Taisetsu na Hito),소중한사람,타이세츠나히노,Taisetsu na Hito,,,
765,https://youtu.be/JUe2q9-qvhg,Taiyou no Jealousy,태양의젤러시,타이요우노젤러시,Taiyou no Jealousy,태양의질투,,
765,https://youtu.be/ZJ67FZPc3B0,高鳴る(Takanaru),,타카나루,Takanaru,,,
765,https://youtu.be/YcvC10FvUzw,魂のルフラン(Tamashii no Refrain),,타마시이노리프레인,Tamashii no Refrain,,,
765,https://youtu.be/nkECPjFZP7k,tear,,티어,tear,,,
765,https://youtu.be/upF0IM85wRU,手紙 〜拝啓 十五の君へ〜(Tegami ~Haikei 15NoKimihe),편지 15살의 너에게,테가미하이케이15노키미에,tegami haikei 15 no himihe,,,
765,https://youtu.be/fjdrblKSu0U,手紙 〜愛するあなたへ〜(Tegami~aisuruanata he~),편지 사랑하는 당신에게,테가미아이스루아나타에,Tegami~aisuruanata he~,테가미아이스루아나타헤,,
765,https://youtu.be/m1BVhinhbfY,天使の絵の具(Tenshi no Enogu),,텐시노에노구,Tenshi no Enogu,,,
765,https://youtu.be/XorPW3q8U2M,天使のゆびきり(Tenshi no Yubikiri),,텐시노유비키리,Tenshi no Yubikiri,,,
765,https://youtu.be/Xmn2XbqPGR8,THE 愛(The Ai),The 아이,더 아이,The Ai,,,
765,https://youtu.be/80154dIlcew,THE IDOLM@STER,더 아이돌마스터,The Idolmaster,THE IDOLM@STER,우타마스,,
765,https://www.youtube.com/watch?v=R2OoGVegaYo,The Live Kakumei de SHOW!,더 라이브 혁명 데 쇼,더라이브카쿠메이데show,The Live Kakumei de SHOW!,더라이브카쿠메이데쇼,혁명데쇼,
765,https://youtu.be/GaolISvU1NU,Tick Tock,틱톡,치쿠타쿠,Tick Tock,시계,,
765,https://youtu.be/ZGaNctiy0XI,Tip Taps Tip,,팁탭스팁,Tip Taps Tip,,,
765,https://youtu.be/owcabyfaSE4,飛べない鳥は夜に鳴く(Tobenai Tori wa Yoru ni Naku),날지못하는새는밤에운다,토베나이토리와요루니나쿠,Tobenai Tori wa Yoru ni Naku,,,
765,https://youtu.be/wSVS2esreDQ,TODAY with ME,,투데이위드미,TODAY with ME,,,
765,https://youtu.be/scuhpu1acc4,トイレの神様(Toilet no Kamisama),화장실의 신님,토이레노카미사마,Toilet no Kamisama,,,
765,https://youtu.be/I8naa0BU1Y4,東京は夜の七時(Tokyo wa Yoru no Shichiji),도쿄는밤7시,토쿄와요루노시치지,Tokyo wa Yoru no Shichiji,도쿄와요루노시치지,,
765,https://youtu.be/-ZzfCR3AaHc,TOMORROW,내일,투모로우,TOMORROW,,,
765,https://youtu.be/6Ws-xidbGdw,隣に...(tonari ni...),곁에,토나리니,tonari ni...,,,
765,https://youtu.be/VUEw3kZShQI,遠い街から(Tooi Machi Kara),,토오이마치카라,Tooi Machi Kara,,,
765,https://youtu.be/EPqu3p-cgwA,遠い音楽(Tooi Ongaku),,토오이온가쿠,Tooi Ongaku,,,
765,https://youtu.be/ROcwuMVJxUA,ToP!!!!!!!!!!!!!,,톱,top,,,
765,https://youtu.be/ckoJ3onZt8Y,鳥の詩 (Tori no Uta),새의시,토리노우타,Tori no Uta,,,
765,https://youtu.be/0GkHLnYLPyU,Tower of Adventure,,타워오브어드벤쳐,Tower of Adventure,,,
765,https://youtu.be/AB4K017Ve4A,TRIAL DANCE,,트라이얼댄스,TRIAL DANCE,,,
765,https://youtu.be/OVGxDLIx-QQ,トリプルAngel(Triple Angel),트리플angel,트리플엔젤,Triple Angel,,,
765,https://youtu.be/oZLZ0MHKmvo,津軽海峡・冬景色 (Tsugaru Kaikyou Fuyugeshiki),쓰가루해협겨울경치,쓰가루카이쿄우후유게시키,Tsugaru Kaikyou Fuyugeshiki,츠가루카이쿄우후유게시키,쓰가루해협,쓰가루
765,https://youtu.be/dOBKClGJAGE,月のワルツ(Tsuki no Waltz),달의왈츠,츠키노왈츠,Tsuki no Waltz,,,
765,https://youtu.be/8urBjM3ojR4,う・ふ・ふ・ふ(U fu fu fu),우후후후,,u fu fu fu,,,
765,https://youtu.be/QXfm7IFzIxA,アルティメットアイズ(Ultimate Eyes),궁극눈,얼티메이트아이즈,ultimate eyes,,,
765,https://youtu.be/6iVeBpuLTAk,海の声 (Umi no Koe),바다의소리,우미노코에,Umi no Koe,,,
765,https://youtu.be/BxPANZhJCCA,アンバランスなKissをして(Unbalance na Kiss wo shite),언밸런스한키스를 해줘,언밸런스나키스오시테,Unbalance na Kiss wo shite,언바란스나키스오시테,,
765,https://youtu.be/JAHLYH9A3hQ,アプデ (Update),아푸데,업데이트,Update,apude,,
765,https://youtu.be/GIzLYc-Sb4o,歌う人 (Utau Hito),,우타우히토,Utau Hito,,,
765,https://youtu.be/Oqn-LEXEqJo,バレンタイン・キッス(Valentine Kiss),,발렌타인키스,Valentine Kiss,,,
765,https://youtu.be/ghp6UlH6H_8,バレンタイン (Valentine),,발렌타인,Valentine,,,
765,https://youtu.be/kd1MtIqaWZg,VELVET QUIET,,벨벳콰이엇,VELVET QUIET,,,
765,https://youtu.be/fgd_rtYx7ok,Virgin Load,,버진로드,Virgin Load,,,
765,https://youtu.be/vevC9VR15_k,VOY@GER,보야거,보이져,voyager,voyger,,
765,https://youtu.be/ZWMfS0-5_88,笑って!(Waratte!),웃어,와랏테,Waratte!,와랏떼,,
765,https://youtu.be/gjB3tKwz6BY,私だって女の子(Watashi Datte Onnanoko),,와타시닷테온나노코,Watashi Datte Onnanoko,,,
765,https://youtu.be/d8nETC2wPjo,私はアイドル♥ (Watashi wa Idol),나는idol,와타시와아이돌,Watashi wa Idol,나는아이돌,,
765,https://youtu.be/RrwPQF6qPDw,私たちはずっと…でしょう(Watashi tachi wa Zutto Deshou),우리들은계속그렇죠,와타치타치와즛토데쇼우,Watashitachi wa Zutto Deshou,와타시타치와즛토데쇼,,
765,https://youtu.be/oCmCLnk9Xt4,WEDDING BELL,,웨딩벨,WEDDING BELL,,,
765,https://youtu.be/vGcwSyg1OzE,ウイスキーが お好きでしょ (Whiskey ga Osuki desho),,위스키가오스키데쇼,Whiskey ga Osuki desho,,,
765,https://youtu.be/K-6XNOEK_lM,WHITE BREATH,,화이트브레스,WHITE BREATH,,,
765,https://youtu.be/dAX8iv8u7Uw,WINTER COMES AROUND,,윈터컴즈어라운드,WINTER COMES AROUND,,,
765,https://youtu.be/kkduXiFTbqo,焼け野が原(Yakeno ga hara),,야케노가하라,Yakeno ga hara,,,
765,https://youtu.be/kZR3LdoVbes,약속,약속,야쿠소쿠,Yakusoku,,,
765,https://youtu.be/nrfhPkCALrc,やさしい気持ち(Yasashii Kimochi),상냥한기분,야사시이키모치,Yasashii Kimochi,야사시이기모찌,,
765,https://youtu.be/PpgzuFvBtHY,やさしい両手 (Yasashii Ryoute),상냥한양손,야사시이요우테,Yasashii Ryoute,,,
765,https://youtu.be/u0c_4jbm7kA,YATTA!,,얏타,YATTA!,얏따,,
765,https://youtu.be/zC9mPDGOuBQ,Yeah! めっちゃホリディ(Yeah! Meccha Holiday),예멧챠홀리데이,에아멧챠홀리데이,Yeah! Meccha Holiday,,,
765,https://youtu.be/JYs1vUPjhas,YES,ㅇ,예스,YES,,,
765,https://youtu.be/cGHsQ3RmhuA,Yes♪,ㅇ,예스,Yes♪,,,
765,https://youtu.be/P9A-aG71j5M,ヨーイドン!!(Yooi Don!!),,요오이돈,Yooi Don!!,,,
765,https://youtu.be/5frCSBIayd8,You're My Only Shinin' Star,,유아마이온리샤이닝스타,You're My Only Shinin' Star,,,
765,https://youtu.be/5ukIyZI5A4M,YOU往MY進!(YOUou MYshin!),,유오우마이신,YOUou MYshin!,,,
765,https://youtu.be/HUrFX0HoYxA,雪に願いを (Yuki ni Negai wo),,유키니네가이오,yuki ni negai wo,,,
765,https://youtu.be/YpRkrHQz0us,雪国(yukikuni),설국,유키쿠니,yukikuni,,,
765,https://youtu.be/koELz6vc_eE,夢で逢えたら(Yume de Aetara),꿈에서만난다면,유메데아에타라,Yume de Aetara,,,
765,https://youtu.be/GUUQa4KeEP4,夢の中へ(Yume no Naka e),꿈속에,유메노나카에,yume no naka e,,,
765,https://youtu.be/TZWvNkZyTis,ゆりゆららららゆる(YuriyurarararayuruyuriDaijiken),유루유리,유리유라라라라유루유리다이지켄,YuriyurarararayuruyuriDaijiken,yuruyuri,유리유라라라라유루유리대사건,
765,https://youtu.be/d4fcTKjK-Xk,絶険、あるいは逃げられぬ恋(Zekken Arui wa Nigerarenu koi),,젯켄아루이와니게라레누,Zekken Arui wa Nigerarenu,,,
765,https://youtu.be/BMV-QOQQwCI,全力アイドル (Zenryoku Idol),전력idol,젠료쿠아이도루,Zenryoku Idol,전력아이돌,,
765,https://youtu.be/t1f9LMaqZJE,zone of fortune,,존오브퓨쳐,zone of fortune,,,
765,https://youtu.be/WWWmnIoAmoc,ジェミー,,제미,jemi,,,
765,https://www.youtube.com/watch?v=G4_nK9Pgb4k,외톨이의 노래(Hitori Bocchi no Uta),외톨이의 노래,히토리봇치노우타,hitori bocchi no uta,,,
765,https://www.youtube.com/watch?v=jeagPlq9oAI,미열 SOS!! (Binetsu SOS!!),미열SOS,비네츠sos,binetsu sos,,,
765,https://www.youtube.com/watch?v=63Pa5ZHF3Eo,텟텟테 (BGM TOWN),tettette,텟텟테,bgm town,town,타운,bgm타운
765,https://youtu.be/_oNvQW38AKk,소녀여 큰 뜻을 품어라!!(Otome yo taishi wo idake!!),소녀여 큰 뜻을 품어라,오토메요타이시오이다케,otome yo taishi wo idake,,,
765,https://www.youtube.com/watch?v=RdfRGDr59Rg,크로스워드 (Crossword),크로스워드,crossword,,,,
765,https://www.youtube.com/watch?v=qmBe1dgBevM,Precog,프리코그,precog,푸리코그,푸리코구,미리앎,
765,https://youtu.be/yfC98uB6u_Y,Hello!,헬로,hello,안녕,,,
765,https://youtu.be/5ccq5oAPR00,Dazzling World,대즐링월드,dazzling world,다즐링월드,,,
765,https://youtu.be/T2U2XcbKeLc,비밀의 산호초(Himitsu no sangoshou),비밀의 산호초,himitsu no sangoshou,himitsu no sangosho,,,
765,https://youtu.be/QUExDidUick,ALIVE,얼라이브,ALIVE,,,,
765,https://youtu.be/XY4tm8jcyXk,GR@TITUDE,감사,그래티튜드,GRATITUDE,GR@TITUDE,,
765,https://youtu.be/tlga-VJD95s,Session!,세션,session,,,,
765,https://youtu.be/HwirjaOT6xA,EVER RISING,에버라이징,EVERRISING,,,,
765,https://youtu.be/dOSc_mAl13s,夏のBang! (Natsu no Bang!),여름의bang,나츠노방,natsu no bang,나츠노bang,,
765,https://youtu.be/-EZ4JXAgYDY,1st Call,퍼스트콜,first call,1stcall,1st콜,,
765,https://youtu.be/7_g0RWcNVOk,アイシテの呪縛～Je vous aime ~ (Aishite no jubaku),사랑해줘의주박,aishite no jubaku,aishite no jubaku je vous aime,사랑해줘의주박jevousaime,je vous aime,제부젬
765,https://youtu.be/qpDKGghP2GU,全力★ドリーミングガールズ(Jenryoku Dreaming Girls),전력 드리밍 걸즈,jenryoku dreaming girls,zenryoku dreaming girls,,,
765,https://youtu.be/J13K-r_Pn9g,IDOL☆HEART,아이돌하트,idol heart,,,,
765,https://youtu.be/NTvtf_YM73A,KAWAIIウォーズ (Kawaii Wars),카와이워즈,kawaii wars,,,,
765,https://youtu.be/YorjN8s0Nr4,Dance Dance Dance,단스단스단스,dance dance dance,댄스댄스댄스,춤춤춤,,
765,https://youtu.be/-nCxM3O2wDE,edeN,에덴,eden,이든,,,
765,https://youtu.be/8sVDsXSGW0U,Vault That Borderline,국경넘어,vault that borderline,볼트댓보더라인,,,
765,https://youtu.be/k2bGDO85-R8,단결,단결,danketsu,단결,danketsu2010,단결2010,
765,https://youtu.be/pgnVK0HF9PE,The World Is All One!!,쟈와완,더월드이즈올원,the world is all one,,,
765,https://youtu.be/dsROibIlBjI,Change!!,체인지,change,,,,
765,https://youtu.be/CStcW8P7qBo,커튼 콜 (Curtain Call),커튼 콜,Curtain Call,,,,
765,https://youtu.be/8hFzH3gN7O4,하늘 (Sora),하늘,소라,sora,,,
765,https://youtu.be/2yipmn7ppw8,ID:[OL],아이돌,idol,아이디오엘,,,
765,https://youtu.be/FUry5b2C4xs,꽃(Hana),꽃,하나,hana,,,
765,https://youtu.be/YhvTehNR8QY,빛(Hikari),빛,히카리,hikari,광,,
765,https://youtu.be/lNWXdDIh7v0,행복(Siawase),행복,Siawase,,,,
765,https://youtu.be/4aMeviC51S0,날개(Tsubasa),날개,츠바사,tsubasa,,,
765,https://youtu.be/EpmZZIt9xGo,추억은 영원히 (Omoide wa Eien ni),추억은 영원히,오모이데와에이엔니,omoide wa eien ni,,,
765,https://youtu.be/SvjL9A-cKao,홍백응원V,홍백응원V,Kouhaku Ouen V,,,,
765,https://youtu.be/T5xu9TbqKY4,First Step,퍼스트스텝,First Step,,,,
라디오,https://youtu.be/a3nzJlN1L2o,Believe,믿음,빌리브,Believe,,,
라디오,https://youtu.be/-tPoLZ02J-g,Beruseiyu no Bara ~Bara wa Utsukushiku Chiru,베르사유의 장미 장미는 아름답게 진다,베르세이유노바라바라와우츠쿠시쿠치루,beruseiyu no bara bara wa utsukushiku chiru,베르사유노바라바라와우츠쿠시쿠치루,,
라디오,https://youtu.be/tYi_6GfcsWM,Blue Water,,블루워처,Blue Water,,,
라디오,https://youtu.be/pZTDxU1sH9M,Drill de Runrun Kururunrun,드릴로룽룽쿠루룽룽,드릴데룽룽쿠루룽룽,Drill de Runrun Kururunrun,,,
라디오,https://youtu.be/B9hzg0ryyW0,ETERNAL WIND ~Hohoemi wa Hikaru Kaze no Naka~,,이터널 윈드 호호에미와 히카루 카제노 나카,ETERNAL WIND ~Hohoemi wa Hikaru Kaze no Naka~,,,
라디오,https://youtu.be/NiMdHFYnl1I,Gake no Ue no Ponyo,벼랑위의포뇨,가케노우에노포뇨,Gake no Ue no Ponyo,,,
라디오,https://youtu.be/d74JbNmmu2Y,Gekkasai ~ la festa sotto la luna ~,,겟카사이 라 페스타 소토 라 루나,Gekkasai ~ la festa sotto la luna ~,,,
라디오,https://youtu.be/VitRLqJm4Wc,KI ZU NA ~ Haruka Naru Mono he,키즈나,키즈나 하루카 나루 모노에,KI ZU NA ~ Haruka Naru Mono he,kizuna,,
라디오,https://youtu.be/rzo6GFRPl8o,Mamotte Agetai,,마못테아게타이,Mamotte Agetai,,,
라디오,https://youtu.be/tUOk4WjLqdk,Marunouchi Sadistic,,마루노치사디스틱,Marunouchi Sadistic,,,
라디오,https://youtu.be/hxp1UGqOVaw,Miracle Girl,기적녀,미라클걸,Miracle Girl,,,
라디오,https://youtu.be/gtG07xYp0oo,Nee! Muumin,네에무민,네에무우민,Nee! Muumin,야무민,,
라디오,https://youtu.be/VGIfZZ1hD7A,Over Drive,,오버드라이브,Over Drive,,,
라디오,https://youtu.be/R0vfiTX0scM,Shinjitsu no Shi,진실의죽음,신지츠노시,Shinjitsu no Shi,,,
라디오,https://youtu.be/pP5AsgLtF4g,Soba ni Iru ne,,소바니이루네,Soba ni Iru ne,,,
라디오,https://youtu.be/_yTO6tezEns,Sora no Kakera,,소라노카케라,Sora no Kakera,,,
라디오,https://youtu.be/upIl7wFgFK0,Taiyou to Tsuki,태양과달,타이요우도츠키,Taiyou to Tsuki,,,
라디오,https://youtu.be/ETw9xZVs9GI,UFO,유포,유에프오,UFO,,,
라디오,https://youtu.be/TdxZxnXRL3M,URGENT!!!,긴급,어전트,URGENT!!!,,,
라디오,https://youtu.be/gahP0oArLGY,Yume Shibai,,유메시바이,Yume Shibai,,,
라디오,https://youtu.be/EA2T6l-lFDI,Yumemiru Koro,,유메미루코로,Yumemiru Koro,,,
라디오,https://youtu.be/FoZ8sxsGdT0,Yumemiru Shoujou ja Irarenai,,유메미루쇼우죠쟈이라레나이,Yumemiru Shoujou ja Irarenai,,,
라디오,https://youtu.be/K-WHLVBnZ6k,Amagi Etsue,아마기에츠에,,Amagi Etsue,,,
라디오,https://youtu.be/3lg-pOxpDCo,Delicate ni Suki Shite,,델리케이트니스키시테,Delicate ni Suki Shite,,,
라디오,https://youtu.be/1yxRwQF5GEU,STYLISH QUEEN,,스타일리시퀸,STYLISH QUEEN,,,
밀리,https://youtu.be/bYpJNfnBrIE,addicted,어딕티드,중독된,addicted,,,
밀리,https://youtu.be/7E6f0P7v3Nk,合言葉はスタートアップ！(Aikotoba wa startup),구호는 스타트 업,아이코토바와스타트업,Aikotoba wa startup,,,
밀리,https://youtu.be/GsnyWF7Mg5c,arcadia,아르카디아,알카디아,arcadia,,,
밀리,https://youtu.be/WUYBMcZMkhQ,地球ミラーボウル(chikyuu mirror ball),지구미러볼,치큐우미러볼,chikyuu mirror ball,,,
밀리,https://youtu.be/5N9VhXVbH7A,DEpArture from THe life,인생탈출,DEATH,DEpArture from THe life,디파쳐 프롬 더 라이프,,
밀리,https://youtu.be/LBWZ9g7ZSpk,DETECTIVE HIGH! ～Koi Tantei Monogatari～,디텍티브하이 연애탐정이야기,디텍티브하이 코이탄테이모노가타리,DETECTIVE HIGH! ～Koi Tantei Monogatari～,,,
밀리,https://youtu.be/oFLuXi5_fAY,FAKE SELF×TRUE SELF,가짜나진짜나,페이크셀프트루셀프,FAKE SELF×TRUE SELF,,,
밀리,https://youtu.be/ayHGYkKym-E,Fermata in Rapsodia,,페르마타인랩소디아,Fermata in Rapsodia,,,
밀리,https://youtu.be/5_GTQ3tNHnE,FLY TO EVERYWHERE,,플라이투에브리웨어,FLY TO EVERYWHERE,,,
밀리,https://youtu.be/pie-PYVlHrE,ハートウォーミング(heartwarming),하토워밍,하트워밍,heartwarming,,,
밀리,https://youtu.be/Qziak73itao,微笑んだから気づいたんだ-Hohoenda kara Kizuitanda,,호호엔다카라키즈이탄다,Hohoenda kara Kizuitanda,,,
밀리,https://youtu.be/jzHAMns4Ay8,ハミングロード(Humming Road),,허밍로드,Humming Road,,,
밀리,https://youtu.be/1gW8IJKt--k,Impervious Resolution,,임페르비우스레졸루션,Impervious Resolution,,,
밀리,https://youtu.be/RtRpG7DW4JA,Just be myself!!,,저스트비마이셀프,Just be myself!!,,,
밀리,https://youtu.be/v9ZQpc56IE0,キミがいて夢になる(Kimi ga Ite Yume ni Naru),너가있어꿈이됨,키미가이테유메니나루,Kimi ga Ite Yume ni Naru,,,
밀리,https://youtu.be/kRAgid_uRE8,LEADER!!,지도자,리더,LEADER!!,,,
밀리,https://youtu.be/CBLSTd12NHY,Liar's good bye,,라이어즈굿바이,Liar's good bye,,,
밀리,https://youtu.be/ZQLUk_tdMVY,Private Road Show playback Weekday,,프라이빗로드쇼플레이백위크데이,Private Road Show playback Weekday,,,
밀리,https://youtu.be/X0ZXrMZCVgw,ラビットファー (Rabbit Fur),,래빗퍼,rabbit fur,,,
밀리,https://youtu.be/O1Tr23oJCno,ストロベリー・キューピッド(strawberry cupid),,스트로베리큐피드,strawberry cupid,,,
밀리,https://youtu.be/UklfjYYWKsc,Thank You!,ㄳ,땡큐,thank you,ㄱㅅ,,
밀리,https://youtu.be/jFr746GFQRY,タイムマシンに飛び乗って!-Time Machine ni Tobinotte!,,타임머신니토비놋테,Time Machine ni Tobinotte!,,,
밀리,https://youtu.be/gs2OhhckLkU,Welcome!!,,웰컴,Welcome!!,,,
밀리,https://youtu.be/kynthjf5BrA,WOW! I NEED!! ～Singing Monkey Kashou Ken,Wow I need,와우아이니드싱잉멍키카쇼우켄,WOW! I NEED!! ～Singing Monkey Kashou Ken,,,
밀리,https://youtu.be/dk1L84ous74,僕たちのResistance(Boku-tachi no Resistance),,보쿠타치노레지스탕스,Boku-tachi no Resistance,,,
밀리,https://youtu.be/bTYDS_6xgQA,Deep Deep Blue,,딥딥블루,Deep Deep Blue,,,
밀리,https://youtu.be/GJOrAs_eZf0,Dreamy Dream,꿈꿈,드리미드림,Dreamy Dream,,,
밀리,https://youtu.be/dX0iUVr40Oc,GREEDY GIRL,,그리디걸,GREEDY GIRL,,,
밀리,https://youtu.be/itth7SqQjr4,キラメキ進行形(kirameki shinkoukei),키라메키진행형,키라메키신코우케이,kirameki shinkoukei,반짝임진행형,,
밀리,https://youtu.be/B4ntbDtROMU,恋花(Koibana),연화,코이바나,Koibana,,,
밀리,https://youtu.be/QMsjvBaunbI,嘆きのFRACTION(Nageki no FRACTION),나게키노프랙션,나게키노FRACTION,Nageki no FRACTION,,,
밀리,https://youtu.be/50VT1XfZDHU,Rebellion,저항,레벨리온,Rebellion,폭동,리벨리온,
밀리,https://youtu.be/gHn-UAZKNrI,Smiley days,,스마일리데이즈,Smiley days,,,
밀리,https://youtu.be/2UyLeW24ZI0,Snow White,,스노우화이트,Snow White,,,
밀리,https://youtu.be/_XQ0SPglbgU,追憶のサンドグラス(Tsuioku no Sand Glass),추억의샌드글래스,츠이오쿠노샌드글래스,Tsuioku no Sand Glass,추억의샌드글라스,,
밀리,https://youtu.be/-2gf9sgNjnI,月のほとりで(Tsuki no Hotori de),,츠키노호토리데,Tsuki no Hotori de,,,
밀리,https://youtu.be/eijUAhrXSHA,VIVA☆アクアリズム,비바아쿠아리듬,비바아쿠아리즘,VIVA☆アクアリズム,,,
밀리,https://youtu.be/9W8a2z93CgE,WORLD WIDE DANCE!!!,,월드와이드댄스,WORLD WIDE DANCE!!!,,,
밀리,https://www.youtube.com/watch?v=RzI2nmMpBfE,Everyday Stars!!,에브리데이스타즈,everyday stars,에브리데이스타즈765올스타즈,everydaystars765allstars,,
KR,https://youtu.be/anqVHbo-o8A,The World Is All One!!,쟈와완,더월드이즈올원,the world is all one,,,